booking_id,arrival_date,departure_date,room_cat_id,guests,channel,rate_paid_eur,days_before_arrival,status
BK-00001,2025-01-01,2025-01-02,sup-001,1,DIRECT,200.61,26,CONFIRMED
BK-00002,2025-01-01,2025-01-02,dob-001,2,DIRECT,157.12,7,CONFIRMED
BK-00003,2025-01-01,2025-01-03,sup-001,2,DIRECT,213.4,81,CONFIRMED
BK-00004,2025-01-01,2025-01-02,dob-001,1,AIRBNB,136.75,46,CONFIRMED
BK-00005,2025-01-01,2025-01-03,sui-001,3,EXPEDIA,263.87,64,CONFIRMED
BK-00006,2025-01-01,2025-01-03,sui-001,2,AIRBNB,238.05,41,CONFIRMED
BK-00007,2025-01-01,2025-01-02,dob-001,1,DIRECT,159.81,40,CONFIRMED
BK-00008,2025-01-01,2025-01-02,dob-001,2,DIRECT,163.77,72,CONFIRMED
BK-00009,2025-01-01,2025-01-03,dob-001,1,DIRECT,164.99,28,NO_SHOW
BK-00010,2025-01-01,2025-01-03,sui-001,1,DIRECT,276.92,25,CONFIRMED
BK-00011,2025-01-01,2025-01-05,dob-001,1,AIRBNB,141.91,9,CONFIRMED
BK-00012,2025-01-01,2025-01-02,dob-001,1,BOOKING,155.97,72,CONFIRMED
BK-00013,2025-01-01,2025-01-02,dob-001,2,AIRBNB,144.32,54,CONFIRMED
BK-00014,2025-01-01,2025-01-02,sup-001,2,DIRECT,209.86,47,NO_SHOW
BK-00015,2025-01-02,2025-01-05,sui-001,3,DIRECT,287.5,29,CONFIRMED
BK-00016,2025-01-02,2025-01-03,dob-001,2,BOOKING,146.45,41,CONFIRMED
BK-00017,2025-01-02,2025-01-03,dob-001,2,AIRBNB,137.55,27,CONFIRMED
BK-00018,2025-01-02,2025-01-04,sup-001,2,EXPEDIA,190.34,23,CONFIRMED
BK-00019,2025-01-02,2025-01-06,dob-001,2,AIRBNB,148.87,83,CONFIRMED
BK-00020,2025-01-02,2025-01-04,dob-001,2,DIRECT,155.98,59,CONFIRMED
BK-00021,2025-01-02,2025-01-04,dob-001,2,DIRECT,165.72,50,CONFIRMED
BK-00022,2025-01-02,2025-01-03,dob-001,2,AIRBNB,142.75,69,CONFIRMED
BK-00023,2025-01-02,2025-01-03,dob-001,2,DIRECT,164.12,46,CONFIRMED
BK-00024,2025-01-02,2025-01-05,dob-001,1,AIRBNB,144.91,52,CONFIRMED
BK-00025,2025-01-02,2025-01-03,dob-001,2,AIRBNB,138.09,52,CONFIRMED
BK-00026,2025-01-02,2025-01-03,dob-001,2,BOOKING,152.6,9,CONFIRMED
BK-00027,2025-01-02,2025-01-03,sui-001,2,BOOKING,261.15,45,CONFIRMED
BK-00028,2025-01-02,2025-01-03,dob-001,2,DIRECT,167.85,57,CONFIRMED
BK-00029,2025-01-03,2025-01-04,sup-001,2,AIRBNB,219.2,79,CANCELLED
BK-00030,2025-01-03,2025-01-04,dob-001,1,BOOKING,193.77,27,CONFIRMED
BK-00031,2025-01-03,2025-01-05,dob-001,2,BOOKING,188.84,70,CANCELLED
BK-00032,2025-01-03,2025-01-04,dob-001,2,AIRBNB,179.91,44,CONFIRMED
BK-00033,2025-01-03,2025-01-05,dob-001,2,BOOKING,178.99,52,CONFIRMED
BK-00034,2025-01-03,2025-01-05,sup-001,1,DIRECT,251.25,43,CONFIRMED
BK-00035,2025-01-03,2025-01-05,sup-001,2,BOOKING,243.86,57,CONFIRMED
BK-00036,2025-01-03,2025-01-04,dob-001,1,EXPEDIA,189.45,39,CONFIRMED
BK-00037,2025-01-03,2025-01-05,dob-001,2,AIRBNB,183.17,48,CONFIRMED
BK-00038,2025-01-03,2025-01-06,sui-001,2,BOOKING,329.98,60,CONFIRMED
BK-00039,2025-01-03,2025-01-08,sup-001,1,EXPEDIA,249.18,35,CONFIRMED
BK-00040,2025-01-03,2025-01-04,dob-001,2,DIRECT,201.68,73,CONFIRMED
BK-00041,2025-01-03,2025-01-04,sup-001,1,BOOKING,228.97,77,CONFIRMED
BK-00042,2025-01-03,2025-01-04,dob-001,2,DIRECT,194.83,23,CONFIRMED
BK-00043,2025-01-04,2025-01-06,sup-001,1,BOOKING,239.79,77,CONFIRMED
BK-00044,2025-01-04,2025-01-06,sui-001,1,DIRECT,363.21,15,CONFIRMED
BK-00045,2025-01-04,2025-01-07,sup-001,1,AIRBNB,235.48,72,CONFIRMED
BK-00046,2025-01-04,2025-01-06,dob-001,2,DIRECT,209.09,65,CONFIRMED
BK-00047,2025-01-04,2025-01-07,sup-001,2,DIRECT,267.18,77,CONFIRMED
BK-00048,2025-01-04,2025-01-05,sup-001,1,EXPEDIA,247.26,29,CONFIRMED
BK-00049,2025-01-04,2025-01-07,dob-001,1,BOOKING,179.13,45,CONFIRMED
BK-00050,2025-01-04,2025-01-07,dob-001,1,AIRBNB,173.8,49,CONFIRMED
BK-00051,2025-01-04,2025-01-06,sui-001,1,AIRBNB,300.02,67,CANCELLED
BK-00052,2025-01-04,2025-01-05,dob-001,1,EXPEDIA,185.01,91,CONFIRMED
BK-00053,2025-01-04,2025-01-06,dob-001,2,DIRECT,203.96,67,CONFIRMED
BK-00054,2025-01-04,2025-01-06,sup-001,1,BOOKING,234.65,33,CONFIRMED
BK-00055,2025-01-04,2025-01-07,dob-001,1,EXPEDIA,181.02,27,CONFIRMED
BK-00056,2025-01-04,2025-01-05,dob-001,2,AIRBNB,177.59,56,CANCELLED
BK-00057,2025-01-05,2025-01-07,dob-001,1,DIRECT,161.43,19,CONFIRMED
BK-00058,2025-01-05,2025-01-06,dob-001,2,BOOKING,145.05,30,CONFIRMED
BK-00059,2025-01-05,2025-01-07,dob-001,1,BOOKING,145.87,45,CONFIRMED
BK-00060,2025-01-05,2025-01-06,dob-001,2,DIRECT,155.08,15,CONFIRMED
BK-00061,2025-01-05,2025-01-07,dob-001,2,DIRECT,153.99,46,CONFIRMED
BK-00062,2025-01-05,2025-01-07,sup-001,2,DIRECT,218.83,74,CONFIRMED
BK-00063,2025-01-05,2025-01-06,dob-001,2,DIRECT,169.9,54,CONFIRMED
BK-00064,2025-01-05,2025-01-09,sup-001,2,AIRBNB,184.15,16,CONFIRMED
BK-00065,2025-01-05,2025-01-07,sui-001,3,AIRBNB,252.81,44,CONFIRMED
BK-00066,2025-01-05,2025-01-07,sup-001,1,BOOKING,189.6,60,CONFIRMED
BK-00067,2025-01-05,2025-01-06,dob-001,1,BOOKING,143.46,34,CONFIRMED
BK-00068,2025-01-05,2025-01-07,dob-001,1,BOOKING,156.07,15,CONFIRMED
BK-00069,2025-01-05,2025-01-07,sup-001,2,AIRBNB,188.73,63,CONFIRMED
BK-00070,2025-01-05,2025-01-09,sui-001,3,BOOKING,265.21,45,CONFIRMED
BK-00071,2025-01-06,2025-01-07,dob-001,1,BOOKING,144.98,36,CONFIRMED
BK-00072,2025-01-06,2025-01-07,dob-001,1,BOOKING,150.97,26,CONFIRMED
BK-00073,2025-01-06,2025-01-08,dob-001,2,DIRECT,159.19,34,CONFIRMED
BK-00074,2025-01-06,2025-01-07,sup-001,2,EXPEDIA,185.65,54,CONFIRMED
BK-00075,2025-01-06,2025-01-08,dob-001,1,AIRBNB,146.12,50,CONFIRMED
BK-00076,2025-01-06,2025-01-07,sui-001,2,DIRECT,288.3,16,CONFIRMED
BK-00077,2025-01-06,2025-01-07,sup-001,2,EXPEDIA,186.28,19,CONFIRMED
BK-00078,2025-01-06,2025-01-10,sui-001,1,DIRECT,288.53,24,CONFIRMED
BK-00079,2025-01-06,2025-01-07,sui-001,1,EXPEDIA,269.65,38,CONFIRMED
BK-00080,2025-01-06,2025-01-08,sui-001,3,DIRECT,279.17,38,CONFIRMED
BK-00081,2025-01-06,2025-01-07,dob-001,1,BOOKING,156.91,49,CONFIRMED
BK-00082,2025-01-06,2025-01-09,sup-001,2,EXPEDIA,202.77,36,CONFIRMED
BK-00083,2025-01-06,2025-01-09,dob-001,2,BOOKING,155.28,43,CONFIRMED
BK-00084,2025-01-06,2025-01-07,sui-001,2,AIRBNB,252.13,29,CONFIRMED
BK-00085,2025-01-07,2025-01-08,dob-001,1,AIRBNB,147.92,50,CONFIRMED
BK-00086,2025-01-07,2025-01-08,sup-001,2,DIRECT,213.86,27,CONFIRMED
BK-00087,2025-01-07,2025-01-09,dob-001,2,EXPEDIA,145.82,47,CONFIRMED
BK-00088,2025-01-07,2025-01-08,sup-001,2,BOOKING,192.31,36,CONFIRMED
BK-00089,2025-01-07,2025-01-08,sup-001,1,EXPEDIA,186.38,54,CONFIRMED
BK-00090,2025-01-07,2025-01-09,dob-001,1,DIRECT,165.64,53,CONFIRMED
BK-00091,2025-01-07,2025-01-09,sui-001,1,DIRECT,269.73,46,CONFIRMED
BK-00092,2025-01-07,2025-01-08,dob-001,2,AIRBNB,137.17,57,CONFIRMED
BK-00093,2025-01-07,2025-01-09,sui-001,2,AIRBNB,238.19,33,CONFIRMED
BK-00094,2025-01-07,2025-01-09,sui-001,2,EXPEDIA,265.9,49,CONFIRMED
BK-00095,2025-01-07,2025-01-08,dob-001,1,BOOKING,151.59,70,NO_SHOW
BK-00096,2025-01-07,2025-01-08,sup-001,2,BOOKING,200.73,68,CONFIRMED
BK-00097,2025-01-07,2025-01-08,sui-001,2,BOOKING,254.91,57,CONFIRMED
BK-00098,2025-01-07,2025-01-08,sup-001,1,DIRECT,208.21,40,CONFIRMED
BK-00099,2025-01-08,2025-01-09,sup-001,2,DIRECT,157.05,0,CONFIRMED
BK-00100,2025-01-08,2025-01-10,sup-001,2,EXPEDIA,140.12,10,CONFIRMED
BK-00101,2025-01-08,2025-01-11,sup-001,1,EXPEDIA,140.47,2,CONFIRMED
BK-00102,2025-01-08,2025-01-09,dob-001,2,EXPEDIA,108.01,17,CANCELLED
BK-00103,2025-01-08,2025-01-09,dob-001,2,DIRECT,122.03,6,CONFIRMED
BK-00104,2025-01-08,2025-01-10,sui-001,3,AIRBNB,175.41,10,CONFIRMED
BK-00105,2025-01-08,2025-01-10,dob-001,2,BOOKING,109.46,10,CANCELLED
BK-00106,2025-01-09,2025-01-10,dob-001,1,DIRECT,118.89,15,CONFIRMED
BK-00107,2025-01-09,2025-01-11,dob-001,2,DIRECT,112.66,0,CONFIRMED
BK-00108,2025-01-09,2025-01-14,dob-001,2,BOOKING,107.96,4,NO_SHOW
BK-00109,2025-01-09,2025-01-10,dob-001,1,DIRECT,111.38,0,CONFIRMED
BK-00110,2025-01-09,2025-01-13,sup-001,2,BOOKING,143.78,0,CONFIRMED
BK-00111,2025-01-09,2025-01-10,sup-001,2,DIRECT,154.39,25,CONFIRMED
BK-00112,2025-01-09,2025-01-10,dob-001,2,EXPEDIA,106.38,19,CONFIRMED
BK-00113,2025-01-10,2025-01-13,dob-001,1,AIRBNB,122.48,0,CONFIRMED
BK-00114,2025-01-10,2025-01-13,sui-001,3,DIRECT,254.05,29,CONFIRMED
BK-00115,2025-01-10,2025-01-13,dob-001,1,DIRECT,134.24,25,CONFIRMED
BK-00116,2025-01-10,2025-01-11,dob-001,2,BOOKING,126.53,13,CONFIRMED
BK-00117,2025-01-10,2025-01-12,dob-001,1,BOOKING,131.47,29,CONFIRMED
BK-00118,2025-01-10,2025-01-11,sup-001,2,EXPEDIA,166.32,18,NO_SHOW
BK-00119,2025-01-10,2025-01-12,dob-001,2,BOOKING,128.27,2,CONFIRMED
BK-00120,2025-01-10,2025-01-11,sup-001,1,EXPEDIA,174.2,18,CONFIRMED
BK-00121,2025-01-10,2025-01-12,dob-001,2,BOOKING,126.46,20,CONFIRMED
BK-00122,2025-01-10,2025-01-12,sup-001,1,AIRBNB,160.15,6,CONFIRMED
BK-00123,2025-01-11,2025-01-17,sui-001,2,EXPEDIA,220.5,0,CONFIRMED
BK-00124,2025-01-11,2025-01-14,sup-001,2,DIRECT,174.55,0,CONFIRMED
BK-00125,2025-01-11,2025-01-13,dob-001,2,BOOKING,128.23,31,CONFIRMED
BK-00126,2025-01-11,2025-01-14,dob-001,2,DIRECT,133.5,23,CONFIRMED
BK-00127,2025-01-11,2025-01-14,dob-001,2,AIRBNB,121.43,5,CONFIRMED
BK-00128,2025-01-11,2025-01-12,sup-001,2,DIRECT,174.73,17,CONFIRMED
BK-00129,2025-01-11,2025-01-12,dob-001,2,BOOKING,128.72,6,NO_SHOW
BK-00130,2025-01-11,2025-01-13,dob-001,2,EXPEDIA,128.06,40,CONFIRMED
BK-00131,2025-01-11,2025-01-14,dob-001,2,DIRECT,138.5,5,CONFIRMED
BK-00132,2025-01-11,2025-01-13,sup-001,2,EXPEDIA,170.27,25,CONFIRMED
BK-00133,2025-01-12,2025-01-13,sup-001,2,BOOKING,133.88,11,CONFIRMED
BK-00134,2025-01-12,2025-01-13,dob-001,2,BOOKING,105.33,10,CONFIRMED
BK-00135,2025-01-12,2025-01-13,sui-001,2,EXPEDIA,170.2,6,CONFIRMED
BK-00136,2025-01-12,2025-01-13,sui-001,3,AIRBNB,176.23,0,CONFIRMED
BK-00137,2025-01-12,2025-01-15,sui-001,3,BOOKING,180.07,0,CONFIRMED
BK-00138,2025-01-12,2025-01-14,sup-001,2,EXPEDIA,127.17,5,CONFIRMED
BK-00139,2025-01-12,2025-01-15,dob-001,2,BOOKING,105.29,19,CONFIRMED
BK-00140,2025-01-13,2025-01-14,dob-001,2,DIRECT,107.31,12,CONFIRMED
BK-00141,2025-01-13,2025-01-16,dob-001,2,DIRECT,106.52,6,CONFIRMED
BK-00142,2025-01-13,2025-01-14,sup-001,1,BOOKING,127.25,0,CONFIRMED
BK-00143,2025-01-13,2025-01-14,sui-001,2,BOOKING,177.24,8,CANCELLED
BK-00144,2025-01-13,2025-01-18,dob-001,1,BOOKING,95.68,4,CONFIRMED
BK-00145,2025-01-13,2025-01-15,sui-001,2,EXPEDIA,169.54,19,CONFIRMED
BK-00146,2025-01-13,2025-01-15,dob-001,2,DIRECT,104.34,8,CONFIRMED
BK-00147,2025-01-14,2025-01-15,sui-001,3,DIRECT,177.85,9,CONFIRMED
BK-00148,2025-01-14,2025-01-15,dob-001,1,EXPEDIA,100.55,3,CONFIRMED
BK-00149,2025-01-14,2025-01-15,dob-001,1,DIRECT,105.28,0,CONFIRMED
BK-00150,2025-01-14,2025-01-16,sup-001,2,DIRECT,130.09,5,CANCELLED
BK-00151,2025-01-14,2025-01-17,sup-001,2,BOOKING,124.97,14,CANCELLED
BK-00152,2025-01-14,2025-01-16,sup-001,1,AIRBNB,121.2,9,CONFIRMED
BK-00153,2025-01-14,2025-01-15,dob-001,2,BOOKING,97.26,15,CONFIRMED
BK-00154,2025-01-15,2025-01-16,sup-001,2,EXPEDIA,127.34,6,CONFIRMED
BK-00155,2025-01-15,2025-01-16,sup-001,1,BOOKING,118.98,0,CONFIRMED
BK-00156,2025-01-15,2025-01-17,dob-001,1,BOOKING,91.84,9,CANCELLED
BK-00157,2025-01-15,2025-01-16,sui-001,3,DIRECT,182.56,0,CONFIRMED
BK-00158,2025-01-15,2025-01-16,dob-001,2,BOOKING,99.53,3,CONFIRMED
BK-00159,2025-01-15,2025-01-19,sup-001,2,BOOKING,120.58,9,CONFIRMED
BK-00160,2025-01-15,2025-01-18,dob-001,2,BOOKING,98.95,16,CONFIRMED
BK-00161,2025-01-16,2025-01-21,sui-001,2,EXPEDIA,173.53,22,CONFIRMED
BK-00162,2025-01-16,2025-01-17,dob-001,1,EXPEDIA,91.26,9,CONFIRMED
BK-00163,2025-01-16,2025-01-18,sui-001,1,BOOKING,163.21,18,CONFIRMED
BK-00164,2025-01-16,2025-01-17,dob-001,2,BOOKING,96.65,9,CONFIRMED
BK-00165,2025-01-16,2025-01-17,dob-001,2,DIRECT,103.53,5,CONFIRMED
BK-00166,2025-01-16,2025-01-17,dob-001,1,EXPEDIA,93.92,17,CONFIRMED
BK-00167,2025-01-16,2025-01-18,sup-001,1,EXPEDIA,121.54,6,CONFIRMED
BK-00168,2025-01-17,2025-01-18,dob-001,1,DIRECT,130.89,13,CONFIRMED
BK-00169,2025-01-17,2025-01-18,dob-001,2,EXPEDIA,122.55,15,CONFIRMED
BK-00170,2025-01-17,2025-01-18,dob-001,2,AIRBNB,113.18,10,CONFIRMED
BK-00171,2025-01-17,2025-01-18,sup-001,1,DIRECT,170.47,18,CONFIRMED
BK-00172,2025-01-17,2025-01-18,sui-001,2,EXPEDIA,207.47,0,CONFIRMED
BK-00173,2025-01-17,2025-01-18,dob-001,1,DIRECT,127.86,9,CONFIRMED
BK-00174,2025-01-17,2025-01-18,sui-001,3,EXPEDIA,201.52,13,CONFIRMED
BK-00175,2025-01-17,2025-01-18,dob-001,2,BOOKING,118.2,21,CONFIRMED
BK-00176,2025-01-17,2025-01-19,sup-001,2,BOOKING,154.83,29,CONFIRMED
BK-00177,2025-01-17,2025-01-20,sup-001,1,BOOKING,149.33,6,CONFIRMED
BK-00178,2025-01-18,2025-01-20,dob-001,2,DIRECT,131.97,17,CONFIRMED
BK-00179,2025-01-18,2025-01-21,dob-001,2,AIRBNB,115.64,1,CONFIRMED
BK-00180,2025-01-18,2025-01-19,sui-001,3,EXPEDIA,206.47,16,CONFIRMED
BK-00181,2025-01-18,2025-01-19,dob-001,2,DIRECT,123.55,11,CONFIRMED
BK-00182,2025-01-18,2025-01-19,dob-001,2,BOOKING,116.77,2,CONFIRMED
BK-00183,2025-01-18,2025-01-19,dob-001,2,DIRECT,122.55,11,CONFIRMED
BK-00184,2025-01-18,2025-01-19,sup-001,2,EXPEDIA,158.47,11,CANCELLED
BK-00185,2025-01-18,2025-01-20,dob-001,1,DIRECT,128.95,10,CANCELLED
BK-00186,2025-01-18,2025-01-19,sui-001,3,BOOKING,210.5,4,CONFIRMED
BK-00187,2025-01-18,2025-01-20,sui-001,2,EXPEDIA,204.13,5,CONFIRMED
BK-00188,2025-01-19,2025-01-20,dob-001,2,AIRBNB,87.89,10,CONFIRMED
BK-00189,2025-01-19,2025-01-22,dob-001,2,DIRECT,101.99,8,CONFIRMED
BK-00190,2025-01-19,2025-01-20,sup-001,1,BOOKING,127.36,5,CONFIRMED
BK-00191,2025-01-19,2025-01-20,sup-001,2,BOOKING,121.33,7,CONFIRMED
BK-00192,2025-01-19,2025-01-20,sup-001,2,BOOKING,123.62,14,CONFIRMED
BK-00193,2025-01-19,2025-01-20,sui-001,3,AIRBNB,160.04,5,CONFIRMED
BK-00194,2025-01-19,2025-01-22,sui-001,1,EXPEDIA,170.37,13,CONFIRMED
BK-00195,2025-01-20,2025-01-22,sui-001,3,DIRECT,177.32,4,CONFIRMED
BK-00196,2025-01-20,2025-01-21,sui-001,3,BOOKING,167.18,18,CONFIRMED
BK-00197,2025-01-20,2025-01-21,dob-001,2,DIRECT,98.79,13,CONFIRMED
BK-00198,2025-01-20,2025-01-23,sui-001,3,BOOKING,164.42,6,CONFIRMED
BK-00199,2025-01-20,2025-01-22,sui-001,3,DIRECT,177.01,9,CONFIRMED
BK-00200,2025-01-20,2025-01-22,sui-001,2,EXPEDIA,164.44,7,CONFIRMED
BK-00201,2025-01-20,2025-01-21,dob-001,2,BOOKING,96.93,18,CONFIRMED
BK-00202,2025-01-21,2025-01-23,dob-001,1,DIRECT,104.87,16,CONFIRMED
BK-00203,2025-01-21,2025-01-22,dob-001,1,EXPEDIA,96.07,14,CANCELLED
BK-00204,2025-01-21,2025-01-23,sui-001,2,BOOKING,176.08,10,CONFIRMED
BK-00205,2025-01-21,2025-01-22,dob-001,1,EXPEDIA,98.26,0,CONFIRMED
BK-00206,2025-01-21,2025-01-22,dob-001,2,BOOKING,98.68,0,CONFIRMED
BK-00207,2025-01-21,2025-01-23,dob-001,2,BOOKING,94.02,8,CONFIRMED
BK-00208,2025-01-21,2025-01-22,dob-001,2,DIRECT,108.75,0,CONFIRMED
BK-00209,2025-01-22,2025-01-23,dob-001,1,EXPEDIA,94.39,9,CONFIRMED
BK-00210,2025-01-22,2025-01-23,dob-001,2,AIRBNB,90.17,0,CONFIRMED
BK-00211,2025-01-22,2025-01-24,sui-001,3,BOOKING,160.93,10,CONFIRMED
BK-00212,2025-01-22,2025-01-25,sup-001,2,BOOKING,126.0,0,CONFIRMED
BK-00213,2025-01-22,2025-01-24,dob-001,2,BOOKING,94.58,20,CONFIRMED
BK-00214,2025-01-22,2025-01-23,sui-001,3,AIRBNB,161.79,10,CONFIRMED
BK-00215,2025-01-22,2025-01-25,dob-001,2,EXPEDIA,91.53,0,CONFIRMED
BK-00216,2025-01-23,2025-01-25,dob-001,1,BOOKING,97.01,0,CONFIRMED
BK-00217,2025-01-23,2025-01-27,sup-001,2,BOOKING,125.85,0,CONFIRMED
BK-00218,2025-01-23,2025-01-24,dob-001,2,EXPEDIA,96.59,5,CONFIRMED
BK-00219,2025-01-23,2025-01-24,dob-001,2,BOOKING,92.38,14,CONFIRMED
BK-00220,2025-01-23,2025-01-25,sui-001,2,AIRBNB,162.5,2,CONFIRMED
BK-00221,2025-01-23,2025-01-24,sui-001,1,DIRECT,185.28,17,CONFIRMED
BK-00222,2025-01-23,2025-01-25,sui-001,2,EXPEDIA,162.98,0,CONFIRMED
BK-00223,2025-01-24,2025-01-26,dob-001,2,DIRECT,129.16,18,CONFIRMED
BK-00224,2025-01-24,2025-01-25,dob-001,2,AIRBNB,115.38,2,CONFIRMED
BK-00225,2025-01-24,2025-01-25,sui-001,2,AIRBNB,204.06,10,CONFIRMED
BK-00226,2025-01-24,2025-01-26,sup-001,2,DIRECT,171.77,5,CONFIRMED
BK-00227,2025-01-24,2025-01-25,dob-001,1,DIRECT,133.37,11,CONFIRMED
BK-00228,2025-01-24,2025-01-27,sui-001,2,DIRECT,215.16,5,CONFIRMED
BK-00229,2025-01-24,2025-01-26,dob-001,1,BOOKING,120.88,22,CANCELLED
BK-00230,2025-01-24,2025-01-27,sup-001,2,BOOKING,145.82,26,CONFIRMED
BK-00231,2025-01-24,2025-01-26,sup-001,2,EXPEDIA,154.71,6,CONFIRMED
BK-00232,2025-01-24,2025-01-28,dob-001,2,BOOKING,115.88,5,CONFIRMED
BK-00233,2025-01-25,2025-01-26,dob-001,2,BOOKING,120.85,7,CONFIRMED
BK-00234,2025-01-25,2025-01-28,sup-001,1,AIRBNB,146.02,8,CONFIRMED
BK-00235,2025-01-25,2025-01-27,dob-001,1,DIRECT,129.21,11,CONFIRMED
BK-00236,2025-01-25,2025-01-28,dob-001,1,DIRECT,125.34,23,CONFIRMED
BK-00237,2025-01-25,2025-01-27,sup-001,2,BOOKING,152.85,37,CONFIRMED
BK-00238,2025-01-25,2025-01-26,sui-001,1,BOOKING,214.89,17,CONFIRMED
BK-00239,2025-01-25,2025-01-27,sup-001,2,BOOKING,156.8,25,CONFIRMED
BK-00240,2025-01-25,2025-01-26,dob-001,1,BOOKING,113.23,3,CONFIRMED
BK-00241,2025-01-25,2025-01-27,dob-001,2,DIRECT,126.38,33,CONFIRMED
BK-00242,2025-01-25,2025-01-26,sup-001,2,AIRBNB,145.26,32,CONFIRMED
BK-00243,2025-01-26,2025-01-27,dob-001,1,DIRECT,103.84,0,CONFIRMED
BK-00244,2025-01-26,2025-01-28,dob-001,2,DIRECT,101.6,9,CONFIRMED
BK-00245,2025-01-26,2025-01-29,dob-001,2,BOOKING,97.67,9,CONFIRMED
BK-00246,2025-01-26,2025-01-28,sui-001,3,EXPEDIA,160.05,0,CONFIRMED
BK-00247,2025-01-26,2025-01-30,dob-001,2,EXPEDIA,92.84,5,CONFIRMED
BK-00248,2025-01-26,2025-01-28,sup-001,1,EXPEDIA,118.19,0,CONFIRMED
BK-00249,2025-01-26,2025-01-27,sui-001,2,DIRECT,186.43,4,CONFIRMED
BK-00250,2025-01-27,2025-01-30,sui-001,1,EXPEDIA,163.08,0,CONFIRMED
BK-00251,2025-01-27,2025-01-29,dob-001,1,BOOKING,94.6,12,CONFIRMED
BK-00252,2025-01-27,2025-01-29,sup-001,2,BOOKING,120.18,3,CONFIRMED
BK-00253,2025-01-27,2025-01-29,dob-001,2,DIRECT,105.81,5,CONFIRMED
BK-00254,2025-01-27,2025-01-28,dob-001,2,AIRBNB,87.75,11,CONFIRMED
BK-00255,2025-01-27,2025-01-28,sup-001,2,AIRBNB,115.3,8,CANCELLED
BK-00256,2025-01-27,2025-01-28,sup-001,1,BOOKING,120.31,1,CONFIRMED
BK-00257,2025-01-28,2025-02-01,dob-001,1,EXPEDIA,97.63,2,CONFIRMED
BK-00258,2025-01-28,2025-01-30,dob-001,2,DIRECT,99.54,4,CONFIRMED
BK-00259,2025-01-28,2025-01-29,sup-001,2,BOOKING,123.72,20,CONFIRMED
BK-00260,2025-01-28,2025-02-01,dob-001,2,DIRECT,99.42,1,CANCELLED
BK-00261,2025-01-28,2025-01-30,sup-001,2,EXPEDIA,119.98,13,CANCELLED
BK-00262,2025-01-28,2025-02-03,sui-001,2,BOOKING,175.76,19,CANCELLED
BK-00263,2025-01-28,2025-01-31,sui-001,2,DIRECT,190.31,12,CONFIRMED
BK-00264,2025-01-29,2025-01-31,dob-001,2,AIRBNB,88.4,6,CONFIRMED
BK-00265,2025-01-29,2025-01-30,dob-001,1,BOOKING,96.65,5,CONFIRMED
BK-00266,2025-01-29,2025-01-30,sup-001,2,AIRBNB,117.98,0,CONFIRMED
BK-00267,2025-01-29,2025-01-31,dob-001,1,DIRECT,100.94,7,CONFIRMED
BK-00268,2025-01-29,2025-02-02,sup-001,2,DIRECT,135.98,12,CONFIRMED
BK-00269,2025-01-29,2025-01-30,sup-001,2,DIRECT,136.65,0,CONFIRMED
BK-00270,2025-01-29,2025-01-30,dob-001,1,AIRBNB,88.64,6,CONFIRMED
BK-00271,2025-01-30,2025-01-31,dob-001,2,EXPEDIA,96.36,0,CONFIRMED
BK-00272,2025-01-30,2025-01-31,sup-001,2,DIRECT,128.32,4,CONFIRMED
BK-00273,2025-01-30,2025-02-01,dob-001,2,DIRECT,104.43,0,CONFIRMED
BK-00274,2025-01-30,2025-01-31,dob-001,1,BOOKING,96.8,4,CONFIRMED
BK-00275,2025-01-30,2025-02-01,dob-001,2,EXPEDIA,95.64,4,CONFIRMED
BK-00276,2025-01-30,2025-02-01,sup-001,2,BOOKING,124.97,7,CONFIRMED
BK-00277,2025-01-30,2025-01-31,dob-001,2,DIRECT,98.83,21,CANCELLED
BK-00278,2025-01-31,2025-02-02,dob-001,2,EXPEDIA,117.33,23,CONFIRMED
BK-00279,2025-01-31,2025-02-01,sui-001,3,AIRBNB,197.4,7,CONFIRMED
BK-00280,2025-01-31,2025-02-01,sup-001,2,DIRECT,168.75,0,CONFIRMED
BK-00281,2025-01-31,2025-02-01,dob-001,1,DIRECT,131.86,2,CONFIRMED
BK-00282,2025-01-31,2025-02-01,dob-001,2,DIRECT,122.79,10,CONFIRMED
BK-00283,2025-01-31,2025-02-01,sup-001,2,EXPEDIA,145.64,15,CONFIRMED
BK-00284,2025-01-31,2025-02-02,sup-001,2,DIRECT,160.61,18,CONFIRMED
BK-00285,2025-01-31,2025-02-03,dob-001,2,DIRECT,125.42,20,CONFIRMED
BK-00286,2025-01-31,2025-02-02,sup-001,2,DIRECT,167.63,0,CONFIRMED
BK-00287,2025-01-31,2025-02-01,dob-001,2,DIRECT,126.8,25,CONFIRMED
BK-00288,2025-02-01,2025-02-06,dob-001,2,AIRBNB,110.32,6,CONFIRMED
BK-00289,2025-02-01,2025-02-02,dob-001,2,BOOKING,120.73,18,CONFIRMED
BK-00290,2025-02-01,2025-02-04,sup-001,2,BOOKING,147.18,7,CONFIRMED
BK-00291,2025-02-01,2025-02-02,dob-001,2,BOOKING,114.61,27,CONFIRMED
BK-00292,2025-02-01,2025-02-03,dob-001,2,BOOKING,121.37,22,CONFIRMED
BK-00293,2025-02-01,2025-02-03,sup-001,2,BOOKING,159.45,15,CONFIRMED
BK-00294,2025-02-01,2025-02-02,sui-001,2,AIRBNB,198.68,13,CONFIRMED
BK-00295,2025-02-01,2025-02-04,dob-001,2,BOOKING,115.45,4,CONFIRMED
BK-00296,2025-02-01,2025-02-03,dob-001,2,DIRECT,132.07,12,CONFIRMED
BK-00297,2025-02-01,2025-02-02,sui-001,2,BOOKING,215.97,18,CONFIRMED
BK-00298,2025-02-02,2025-02-03,sup-001,2,DIRECT,138.38,11,CONFIRMED
BK-00299,2025-02-02,2025-02-04,dob-001,1,EXPEDIA,95.91,16,CONFIRMED
BK-00300,2025-02-02,2025-02-04,dob-001,2,DIRECT,108.0,4,CONFIRMED
BK-00301,2025-02-02,2025-02-04,dob-001,1,DIRECT,106.42,16,CONFIRMED
BK-00302,2025-02-02,2025-02-05,dob-001,2,DIRECT,103.74,3,CONFIRMED
BK-00303,2025-02-02,2025-02-04,dob-001,2,EXPEDIA,96.5,6,CONFIRMED
BK-00304,2025-02-02,2025-02-04,dob-001,2,DIRECT,106.93,7,CONFIRMED
BK-00305,2025-02-03,2025-02-06,sup-001,1,AIRBNB,118.11,9,CONFIRMED
BK-00306,2025-02-03,2025-02-04,sup-001,2,BOOKING,124.81,10,CONFIRMED
BK-00307,2025-02-03,2025-02-04,sui-001,3,EXPEDIA,161.17,14,CONFIRMED
BK-00308,2025-02-03,2025-02-05,dob-001,1,DIRECT,103.68,0,CONFIRMED
BK-00309,2025-02-03,2025-02-05,dob-001,2,BOOKING,93.23,4,CONFIRMED
BK-00310,2025-02-03,2025-02-06,sui-001,1,BOOKING,175.15,6,CONFIRMED
BK-00311,2025-02-03,2025-02-05,sui-001,3,DIRECT,186.02,16,CONFIRMED
BK-00312,2025-02-04,2025-02-05,sup-001,1,DIRECT,138.4,4,CONFIRMED
BK-00313,2025-02-04,2025-02-07,dob-001,2,DIRECT,103.69,18,CONFIRMED
BK-00314,2025-02-04,2025-02-05,sui-001,3,BOOKING,172.52,6,CONFIRMED
BK-00315,2025-02-04,2025-02-05,sui-001,1,EXPEDIA,165.58,15,CONFIRMED
BK-00316,2025-02-04,2025-02-05,sui-001,3,EXPEDIA,169.99,6,CONFIRMED
BK-00317,2025-02-04,2025-02-06,sup-001,1,DIRECT,131.46,0,CONFIRMED
BK-00318,2025-02-04,2025-02-05,dob-001,1,DIRECT,99.87,0,CONFIRMED
BK-00319,2025-02-05,2025-02-06,dob-001,2,BOOKING,96.94,5,CONFIRMED
BK-00320,2025-02-05,2025-02-06,dob-001,1,DIRECT,107.84,9,CONFIRMED
BK-00321,2025-02-05,2025-02-10,sui-001,2,BOOKING,167.88,10,CONFIRMED
BK-00322,2025-02-05,2025-02-06,dob-001,2,BOOKING,93.62,11,CONFIRMED
BK-00323,2025-02-05,2025-02-07,dob-001,1,BOOKING,94.39,1,CONFIRMED
BK-00324,2025-02-05,2025-02-08,sup-001,2,DIRECT,138.73,23,CONFIRMED
BK-00325,2025-02-05,2025-02-06,sui-001,3,DIRECT,189.94,0,CONFIRMED
BK-00326,2025-02-06,2025-02-08,dob-001,2,BOOKING,94.81,23,CONFIRMED
BK-00327,2025-02-06,2025-02-07,sup-001,2,DIRECT,134.59,0,CONFIRMED
BK-00328,2025-02-06,2025-02-08,sui-001,2,EXPEDIA,171.24,4,CONFIRMED
BK-00329,2025-02-06,2025-02-08,sui-001,2,BOOKING,171.62,7,CONFIRMED
BK-00330,2025-02-06,2025-02-07,sup-001,2,AIRBNB,117.88,17,CONFIRMED
BK-00331,2025-02-06,2025-02-08,sui-001,3,BOOKING,170.32,13,CONFIRMED
BK-00332,2025-02-06,2025-02-08,dob-001,1,EXPEDIA,91.63,1,CONFIRMED
BK-00333,2025-02-07,2025-02-09,sui-001,3,BOOKING,201.98,12,CANCELLED
BK-00334,2025-02-07,2025-02-09,dob-001,2,BOOKING,116.98,14,CONFIRMED
BK-00335,2025-02-07,2025-02-09,sup-001,2,BOOKING,159.82,22,CONFIRMED
BK-00336,2025-02-07,2025-02-11,dob-001,1,DIRECT,123.99,20,CONFIRMED
BK-00337,2025-02-07,2025-02-09,dob-001,2,BOOKING,113.72,8,CONFIRMED
BK-00338,2025-02-07,2025-02-09,sui-001,2,EXPEDIA,201.68,31,NO_SHOW
BK-00339,2025-02-07,2025-02-08,dob-001,2,BOOKING,119.93,8,CONFIRMED
BK-00340,2025-02-07,2025-02-08,dob-001,1,BOOKING,116.96,17,CONFIRMED
BK-00341,2025-02-07,2025-02-08,sup-001,2,EXPEDIA,147.99,30,CONFIRMED
BK-00342,2025-02-07,2025-02-09,dob-001,2,DIRECT,129.51,26,CONFIRMED
BK-00343,2025-02-08,2025-02-10,sup-001,2,BOOKING,155.91,0,CONFIRMED
BK-00344,2025-02-08,2025-02-10,dob-001,1,DIRECT,125.25,1,CONFIRMED
BK-00345,2025-02-08,2025-02-10,dob-001,2,BOOKING,119.87,9,CONFIRMED
BK-00346,2025-02-08,2025-02-10,sup-001,2,AIRBNB,139.91,18,CONFIRMED
BK-00347,2025-02-08,2025-02-10,dob-001,1,DIRECT,133.66,26,CONFIRMED
BK-00348,2025-02-08,2025-02-10,dob-001,2,EXPEDIA,118.14,27,CONFIRMED
BK-00349,2025-02-08,2025-02-09,dob-001,1,EXPEDIA,117.77,8,CONFIRMED
BK-00350,2025-02-08,2025-02-10,sup-001,1,BOOKING,156.97,12,CONFIRMED
BK-00351,2025-02-08,2025-02-09,sui-001,1,EXPEDIA,198.75,0,CONFIRMED
BK-00352,2025-02-08,2025-02-10,sui-001,3,DIRECT,220.15,5,CONFIRMED
BK-00353,2025-02-09,2025-02-10,sup-001,2,AIRBNB,116.04,10,CONFIRMED
BK-00354,2025-02-09,2025-02-11,sup-001,1,DIRECT,130.0,0,CONFIRMED
BK-00355,2025-02-09,2025-02-10,dob-001,2,DIRECT,101.27,5,CONFIRMED
BK-00356,2025-02-09,2025-02-14,sui-001,1,EXPEDIA,172.8,1,CANCELLED
BK-00357,2025-02-09,2025-02-15,sui-001,1,AIRBNB,164.84,7,CONFIRMED
BK-00358,2025-02-09,2025-02-11,sup-001,2,BOOKING,122.94,18,CONFIRMED
BK-00359,2025-02-09,2025-02-11,dob-001,1,AIRBNB,90.01,4,CONFIRMED
BK-00360,2025-02-10,2025-02-11,sui-001,3,DIRECT,185.63,23,CONFIRMED
BK-00361,2025-02-10,2025-02-12,dob-001,1,BOOKING,93.23,8,CONFIRMED
BK-00362,2025-02-10,2025-02-13,dob-001,2,DIRECT,103.53,14,CONFIRMED
BK-00363,2025-02-10,2025-02-12,dob-001,1,DIRECT,107.39,3,CONFIRMED
BK-00364,2025-02-10,2025-02-11,dob-001,1,AIRBNB,87.84,7,CONFIRMED
BK-00365,2025-02-10,2025-02-11,sup-001,1,AIRBNB,122.56,6,CONFIRMED
BK-00366,2025-02-10,2025-02-11,dob-001,2,DIRECT,105.29,13,CONFIRMED
BK-00367,2025-02-11,2025-02-12,sup-001,1,BOOKING,126.43,6,CONFIRMED
BK-00368,2025-02-11,2025-02-16,sup-001,1,BOOKING,122.55,6,CONFIRMED
BK-00369,2025-02-11,2025-02-12,sup-001,2,DIRECT,129.01,8,CONFIRMED
BK-00370,2025-02-11,2025-02-12,sui-001,1,BOOKING,166.99,0,CONFIRMED
BK-00371,2025-02-11,2025-02-13,sup-001,2,DIRECT,128.57,8,CONFIRMED
BK-00372,2025-02-11,2025-02-13,sup-001,2,BOOKING,119.53,4,CONFIRMED
BK-00373,2025-02-11,2025-02-12,dob-001,2,BOOKING,99.34,8,CONFIRMED
BK-00374,2025-02-12,2025-02-13,sup-001,2,BOOKING,121.46,0,CONFIRMED
BK-00375,2025-02-12,2025-02-15,dob-001,2,AIRBNB,91.46,0,CONFIRMED
BK-00376,2025-02-12,2025-02-17,sui-001,1,AIRBNB,160.69,7,CONFIRMED
BK-00377,2025-02-12,2025-02-14,dob-001,2,EXPEDIA,93.72,9,CONFIRMED
BK-00378,2025-02-12,2025-02-13,dob-001,2,EXPEDIA,96.01,7,CONFIRMED
BK-00379,2025-02-12,2025-02-14,dob-001,2,DIRECT,103.8,5,CONFIRMED
BK-00380,2025-02-12,2025-02-15,dob-001,1,BOOKING,99.21,12,CONFIRMED
BK-00381,2025-02-13,2025-02-14,sup-001,2,EXPEDIA,123.19,9,CONFIRMED
BK-00382,2025-02-13,2025-02-15,dob-001,2,DIRECT,99.73,8,CONFIRMED
BK-00383,2025-02-13,2025-02-15,sup-001,2,DIRECT,129.46,9,CONFIRMED
BK-00384,2025-02-13,2025-02-15,dob-001,2,DIRECT,98.8,0,CONFIRMED
BK-00385,2025-02-13,2025-02-14,sup-001,2,DIRECT,132.05,13,CONFIRMED
BK-00386,2025-02-13,2025-02-15,dob-001,1,BOOKING,96.71,10,CONFIRMED
BK-00387,2025-02-13,2025-02-14,sup-001,1,BOOKING,122.55,7,CONFIRMED
BK-00388,2025-02-14,2025-02-18,dob-001,2,AIRBNB,115.06,25,CANCELLED
BK-00389,2025-02-14,2025-02-15,dob-001,2,BOOKING,118.3,22,CONFIRMED
BK-00390,2025-02-14,2025-02-15,sui-001,3,EXPEDIA,198.05,18,CANCELLED
BK-00391,2025-02-14,2025-02-15,dob-001,1,EXPEDIA,119.03,20,CONFIRMED
BK-00392,2025-02-14,2025-02-16,dob-001,2,BOOKING,121.5,14,CONFIRMED
BK-00393,2025-02-14,2025-02-17,dob-001,1,EXPEDIA,116.46,7,CONFIRMED
BK-00394,2025-02-14,2025-02-17,sui-001,1,AIRBNB,203.49,17,CONFIRMED
BK-00395,2025-02-14,2025-02-15,sup-001,1,BOOKING,156.0,45,CONFIRMED
BK-00396,2025-02-14,2025-02-18,dob-001,2,AIRBNB,110.93,26,CONFIRMED
BK-00397,2025-02-14,2025-02-15,sui-001,1,DIRECT,222.08,25,CONFIRMED
BK-00398,2025-02-15,2025-02-16,sui-001,2,DIRECT,228.02,19,CONFIRMED
BK-00399,2025-02-15,2025-02-16,sup-001,1,DIRECT,159.3,16,CONFIRMED
BK-00400,2025-02-15,2025-02-17,dob-001,2,BOOKING,114.81,0,CANCELLED
BK-00401,2025-02-15,2025-02-16,dob-001,1,DIRECT,121.86,21,CONFIRMED
BK-00402,2025-02-15,2025-02-16,sui-001,2,DIRECT,223.83,0,CONFIRMED
BK-00403,2025-02-15,2025-02-16,sup-001,1,AIRBNB,141.5,0,CONFIRMED
BK-00404,2025-02-15,2025-02-18,dob-001,1,DIRECT,133.9,18,CONFIRMED
BK-00405,2025-02-15,2025-02-18,dob-001,2,BOOKING,121.97,7,CONFIRMED
BK-00406,2025-02-15,2025-02-16,dob-001,2,AIRBNB,116.91,10,CONFIRMED
BK-00407,2025-02-15,2025-02-16,sui-001,2,DIRECT,221.19,0,CONFIRMED
BK-00408,2025-02-16,2025-02-18,dob-001,1,DIRECT,158.43,1,CONFIRMED
BK-00409,2025-02-16,2025-02-17,sui-001,2,BOOKING,250.98,0,CONFIRMED
BK-00410,2025-02-16,2025-02-17,dob-001,2,DIRECT,164.12,11,CONFIRMED
BK-00411,2025-02-16,2025-02-18,sup-001,2,AIRBNB,191.66,0,CONFIRMED
BK-00412,2025-02-16,2025-02-17,dob-001,1,DIRECT,168.41,4,CONFIRMED
BK-00413,2025-02-16,2025-02-17,sup-001,2,AIRBNB,176.7,25,CONFIRMED
BK-00414,2025-02-16,2025-02-17,sup-001,2,EXPEDIA,203.37,6,CONFIRMED
BK-00415,2025-02-16,2025-02-19,dob-001,1,EXPEDIA,151.39,9,CONFIRMED
BK-00416,2025-02-16,2025-02-18,sup-001,1,AIRBNB,192.3,3,CONFIRMED
BK-00417,2025-02-17,2025-02-19,sup-001,2,DIRECT,200.69,0,CONFIRMED
BK-00418,2025-02-17,2025-02-18,dob-001,2,DIRECT,162.02,7,CONFIRMED
BK-00419,2025-02-17,2025-02-18,dob-001,2,EXPEDIA,145.25,6,CONFIRMED
BK-00420,2025-02-17,2025-02-19,sui-001,3,EXPEDIA,248.81,8,CANCELLED
BK-00421,2025-02-17,2025-02-18,sui-001,2,DIRECT,280.1,16,CONFIRMED
BK-00422,2025-02-17,2025-02-19,sui-001,3,DIRECT,283.83,21,CONFIRMED
BK-00423,2025-02-17,2025-02-18,sup-001,1,BOOKING,190.26,5,CONFIRMED
BK-00424,2025-02-17,2025-02-21,sui-001,3,BOOKING,240.22,3,CANCELLED
BK-00425,2025-02-17,2025-02-21,sup-001,1,AIRBNB,181.04,10,CONFIRMED
BK-00426,2025-02-18,2025-02-23,dob-001,2,DIRECT,152.15,5,CONFIRMED
BK-00427,2025-02-18,2025-02-21,sup-001,1,BOOKING,171.26,11,CONFIRMED
BK-00428,2025-02-18,2025-02-19,dob-001,2,EXPEDIA,137.9,9,CONFIRMED
BK-00429,2025-02-18,2025-02-20,dob-001,2,DIRECT,144.01,0,CONFIRMED
BK-00430,2025-02-18,2025-02-21,dob-001,1,DIRECT,142.69,0,CANCELLED
BK-00431,2025-02-18,2025-02-19,dob-001,2,EXPEDIA,139.57,14,CONFIRMED
BK-00432,2025-02-18,2025-02-19,dob-001,1,AIRBNB,126.6,12,CONFIRMED
BK-00433,2025-02-18,2025-02-19,dob-001,2,DIRECT,145.78,6,CONFIRMED
BK-00434,2025-02-18,2025-02-19,dob-001,2,BOOKING,136.08,1,CONFIRMED
BK-00435,2025-02-19,2025-02-20,dob-001,2,EXPEDIA,129.25,11,CONFIRMED
BK-00436,2025-02-19,2025-02-22,dob-001,1,DIRECT,144.86,7,CONFIRMED
BK-00437,2025-02-19,2025-02-21,dob-001,2,DIRECT,142.06,1,CONFIRMED
BK-00438,2025-02-19,2025-02-20,dob-001,2,DIRECT,136.65,8,CONFIRMED
BK-00439,2025-02-19,2025-02-21,dob-001,2,AIRBNB,124.38,13,CONFIRMED
BK-00440,2025-02-19,2025-02-22,dob-001,2,BOOKING,126.44,0,CONFIRMED
BK-00441,2025-02-19,2025-02-21,sui-001,3,BOOKING,222.23,2,CONFIRMED
BK-00442,2025-02-19,2025-02-20,sup-001,2,AIRBNB,155.92,0,CONFIRMED
BK-00443,2025-02-19,2025-02-24,dob-001,2,BOOKING,137.42,9,CONFIRMED
BK-00444,2025-02-20,2025-02-21,sui-001,2,BOOKING,215.57,2,CONFIRMED
BK-00445,2025-02-20,2025-02-23,dob-001,2,EXPEDIA,121.57,0,CONFIRMED
BK-00446,2025-02-20,2025-02-22,sup-001,2,AIRBNB,148.44,10,CONFIRMED
BK-00447,2025-02-20,2025-02-22,dob-001,2,DIRECT,129.79,0,CONFIRMED
BK-00448,2025-02-20,2025-02-21,dob-001,2,BOOKING,130.91,7,CONFIRMED
BK-00449,2025-02-20,2025-02-21,dob-001,2,EXPEDIA,123.52,19,CONFIRMED
BK-00450,2025-02-20,2025-02-22,dob-001,1,EXPEDIA,121.39,8,CONFIRMED
BK-00451,2025-02-20,2025-02-21,sui-001,2,EXPEDIA,214.14,4,CONFIRMED
BK-00452,2025-02-20,2025-02-22,sui-001,3,EXPEDIA,220.84,3,CONFIRMED
BK-00453,2025-02-21,2025-02-22,dob-001,1,BOOKING,143.3,15,CONFIRMED
BK-00454,2025-02-21,2025-02-24,sui-001,2,DIRECT,285.14,12,CANCELLED
BK-00455,2025-02-21,2025-02-24,dob-001,2,BOOKING,149.23,23,CONFIRMED
BK-00456,2025-02-21,2025-02-24,dob-001,1,BOOKING,153.67,15,CONFIRMED
BK-00457,2025-02-21,2025-02-23,sup-001,2,DIRECT,213.6,0,CONFIRMED
BK-00458,2025-02-21,2025-02-23,sup-001,2,DIRECT,212.02,2,CONFIRMED
BK-00459,2025-02-21,2025-02-22,sup-001,2,AIRBNB,186.95,21,CONFIRMED
BK-00460,2025-02-21,2025-02-25,dob-001,2,BOOKING,145.6,14,CONFIRMED
BK-00461,2025-02-21,2025-02-23,dob-001,2,EXPEDIA,150.24,23,CONFIRMED
BK-00462,2025-02-21,2025-02-22,sui-001,2,BOOKING,248.58,21,CONFIRMED
BK-00463,2025-02-21,2025-02-26,dob-001,2,BOOKING,144.87,8,CONFIRMED
BK-00464,2025-02-21,2025-02-23,dob-001,2,AIRBNB,141.85,0,CONFIRMED
BK-00465,2025-02-21,2025-02-23,sup-001,2,EXPEDIA,188.83,13,NO_SHOW
BK-00466,2025-02-22,2025-02-24,dob-001,1,BOOKING,136.55,24,CONFIRMED
BK-00467,2025-02-22,2025-02-24,dob-001,2,AIRBNB,138.45,24,CONFIRMED
BK-00468,2025-02-22,2025-02-23,dob-001,1,DIRECT,155.67,0,CONFIRMED
BK-00469,2025-02-22,2025-02-24,dob-001,1,DIRECT,156.05,13,CONFIRMED
BK-00470,2025-02-22,2025-02-23,dob-001,2,DIRECT,157.24,5,CONFIRMED
BK-00471,2025-02-22,2025-02-26,sup-001,2,DIRECT,191.97,20,CONFIRMED
BK-00472,2025-02-22,2025-02-25,dob-001,1,DIRECT,152.74,6,CONFIRMED
BK-00473,2025-02-22,2025-02-24,sui-001,3,DIRECT,256.87,0,CONFIRMED
BK-00474,2025-02-22,2025-02-23,sup-001,2,DIRECT,201.11,15,CONFIRMED
BK-00475,2025-02-22,2025-02-24,dob-001,2,DIRECT,149.91,0,CONFIRMED
BK-00476,2025-02-22,2025-02-23,dob-001,1,BOOKING,145.13,28,CONFIRMED
BK-00477,2025-02-22,2025-02-24,dob-001,1,BOOKING,138.81,11,CONFIRMED
BK-00478,2025-02-22,2025-02-23,sup-001,1,EXPEDIA,185.55,18,CONFIRMED
BK-00479,2025-02-23,2025-02-24,sup-001,2,AIRBNB,128.4,12,CONFIRMED
BK-00480,2025-02-23,2025-02-26,sui-001,2,BOOKING,182.03,3,CONFIRMED
BK-00481,2025-02-23,2025-02-25,sup-001,2,DIRECT,146.98,20,CONFIRMED
BK-00482,2025-02-23,2025-02-24,dob-001,2,AIRBNB,97.67,10,CONFIRMED
BK-00483,2025-02-23,2025-02-24,sup-001,2,BOOKING,141.32,13,CONFIRMED
BK-00484,2025-02-23,2025-02-25,dob-001,1,EXPEDIA,104.08,15,CONFIRMED
BK-00485,2025-02-23,2025-02-24,sui-001,1,EXPEDIA,183.33,10,CONFIRMED
BK-00486,2025-02-23,2025-02-25,dob-001,2,DIRECT,111.27,9,CONFIRMED
BK-00487,2025-02-23,2025-02-24,dob-001,1,AIRBNB,106.04,0,CONFIRMED
BK-00488,2025-02-24,2025-02-25,sup-001,2,DIRECT,144.65,0,CONFIRMED
BK-00489,2025-02-24,2025-02-25,dob-001,1,AIRBNB,97.87,10,CONFIRMED
BK-00490,2025-02-24,2025-02-27,dob-001,2,DIRECT,119.65,9,CONFIRMED
BK-00491,2025-02-24,2025-02-27,dob-001,1,EXPEDIA,112.09,0,CONFIRMED
BK-00492,2025-02-24,2025-02-27,dob-001,2,DIRECT,113.98,10,CANCELLED
BK-00493,2025-02-24,2025-02-27,dob-001,2,EXPEDIA,103.23,15,CONFIRMED
BK-00494,2025-02-24,2025-02-25,sui-001,2,BOOKING,192.37,14,CONFIRMED
BK-00495,2025-02-24,2025-02-25,dob-001,1,BOOKING,104.01,16,CONFIRMED
BK-00496,2025-02-24,2025-02-25,sui-001,1,BOOKING,185.49,0,CONFIRMED
BK-00497,2025-02-25,2025-02-27,sup-001,2,EXPEDIA,137.24,17,CONFIRMED
BK-00498,2025-02-25,2025-02-27,dob-001,2,DIRECT,114.84,5,CONFIRMED
BK-00499,2025-02-25,2025-02-26,sup-001,2,EXPEDIA,134.71,16,NO_SHOW
BK-00500,2025-02-25,2025-02-28,sui-001,1,AIRBNB,174.9,10,CONFIRMED
BK-00501,2025-02-25,2025-02-26,sui-001,2,DIRECT,210.27,7,CONFIRMED
BK-00502,2025-02-25,2025-02-28,dob-001,1,BOOKING,109.66,14,CONFIRMED
BK-00503,2025-02-25,2025-02-26,dob-001,1,BOOKING,105.89,0,CONFIRMED
BK-00504,2025-02-25,2025-02-26,dob-001,2,EXPEDIA,103.19,1,CONFIRMED
BK-00505,2025-02-25,2025-02-27,dob-001,2,BOOKING,103.83,0,CONFIRMED
BK-00506,2025-02-26,2025-02-27,sup-001,2,DIRECT,147.53,0,CANCELLED
BK-00507,2025-02-26,2025-02-28,dob-001,1,DIRECT,112.06,4,CONFIRMED
BK-00508,2025-02-26,2025-02-27,sup-001,2,AIRBNB,136.25,0,CONFIRMED
BK-00509,2025-02-26,2025-02-27,sup-001,2,BOOKING,138.81,0,CONFIRMED
BK-00510,2025-02-26,2025-03-02,sup-001,2,DIRECT,143.86,0,CONFIRMED
BK-00511,2025-02-26,2025-03-01,sui-001,2,BOOKING,193.36,11,CANCELLED
BK-00512,2025-02-26,2025-02-27,dob-001,2,BOOKING,106.75,15,CONFIRMED
BK-00513,2025-02-26,2025-03-01,sui-001,2,EXPEDIA,182.07,14,CANCELLED
BK-00514,2025-02-26,2025-02-28,dob-001,1,EXPEDIA,111.9,5,CONFIRMED
BK-00515,2025-02-27,2025-03-03,sup-001,1,BOOKING,141.9,5,CONFIRMED
BK-00516,2025-02-27,2025-03-01,sui-001,2,AIRBNB,176.36,13,CONFIRMED
BK-00517,2025-02-27,2025-02-28,dob-001,2,BOOKING,111.69,0,CONFIRMED
BK-00518,2025-02-27,2025-03-02,dob-001,2,EXPEDIA,104.17,12,CONFIRMED
BK-00519,2025-02-27,2025-02-28,sup-001,1,EXPEDIA,142.16,6,CONFIRMED
BK-00520,2025-02-27,2025-03-01,dob-001,2,DIRECT,120.93,20,CONFIRMED
BK-00521,2025-02-27,2025-03-02,sup-001,2,EXPEDIA,136.54,9,CONFIRMED
BK-00522,2025-02-27,2025-03-03,sup-001,2,BOOKING,136.89,0,CANCELLED
BK-00523,2025-02-27,2025-02-28,sup-001,2,DIRECT,156.86,16,CONFIRMED
BK-00524,2025-02-28,2025-03-02,sup-001,2,EXPEDIA,176.61,0,CONFIRMED
BK-00525,2025-02-28,2025-03-01,sui-001,3,DIRECT,248.39,19,CONFIRMED
BK-00526,2025-02-28,2025-03-02,dob-001,2,DIRECT,141.27,24,CONFIRMED
BK-00527,2025-02-28,2025-03-01,sup-001,2,DIRECT,188.62,26,CONFIRMED
BK-00528,2025-02-28,2025-03-02,dob-001,2,BOOKING,129.33,8,CONFIRMED
BK-00529,2025-02-28,2025-03-01,dob-001,2,BOOKING,129.24,19,CONFIRMED
BK-00530,2025-02-28,2025-03-01,dob-001,2,DIRECT,150.84,17,CONFIRMED
BK-00531,2025-02-28,2025-03-05,sui-001,3,DIRECT,254.52,25,CONFIRMED
BK-00532,2025-02-28,2025-03-02,sui-001,3,DIRECT,248.61,6,CANCELLED
BK-00533,2025-02-28,2025-03-01,dob-001,2,AIRBNB,120.64,17,CONFIRMED
BK-00534,2025-02-28,2025-03-01,sui-001,3,BOOKING,243.47,3,CONFIRMED
BK-00535,2025-02-28,2025-03-01,dob-001,2,DIRECT,138.01,20,CONFIRMED
BK-00536,2025-02-28,2025-03-02,dob-001,2,AIRBNB,131.96,6,CONFIRMED
BK-00537,2025-03-01,2025-03-02,sup-001,2,BOOKING,172.86,30,CONFIRMED
BK-00538,2025-03-01,2025-03-02,sup-001,2,DIRECT,184.37,19,CONFIRMED
BK-00539,2025-03-01,2025-03-03,dob-001,2,BOOKING,135.73,14,CONFIRMED
BK-00540,2025-03-01,2025-03-05,dob-001,2,DIRECT,137.76,0,CONFIRMED
BK-00541,2025-03-01,2025-03-02,sup-001,2,BOOKING,169.99,8,CONFIRMED
BK-00542,2025-03-01,2025-03-03,sup-001,1,AIRBNB,170.03,12,CONFIRMED
BK-00543,2025-03-01,2025-03-03,sup-001,2,BOOKING,163.36,9,CONFIRMED
BK-00544,2025-03-01,2025-03-03,sup-001,2,AIRBNB,169.86,12,CONFIRMED
BK-00545,2025-03-01,2025-03-02,dob-001,2,BOOKING,128.99,17,CONFIRMED
BK-00546,2025-03-01,2025-03-03,dob-001,2,AIRBNB,132.65,32,CANCELLED
BK-00547,2025-03-01,2025-03-03,dob-001,1,DIRECT,141.27,12,CONFIRMED
BK-00548,2025-03-01,2025-03-03,dob-001,2,DIRECT,141.08,2,CANCELLED
BK-00549,2025-03-01,2025-03-03,dob-001,2,DIRECT,142.67,8,CONFIRMED
BK-00550,2025-03-02,2025-03-03,dob-001,2,DIRECT,120.61,11,CONFIRMED
BK-00551,2025-03-02,2025-03-04,dob-001,2,AIRBNB,99.27,3,CONFIRMED
BK-00552,2025-03-02,2025-03-05,sup-001,1,AIRBNB,129.39,15,CONFIRMED
BK-00553,2025-03-02,2025-03-03,sui-001,1,DIRECT,202.18,16,CONFIRMED
BK-00554,2025-03-02,2025-03-05,sup-001,2,BOOKING,139.11,8,NO_SHOW
BK-00555,2025-03-02,2025-03-03,sup-001,2,DIRECT,150.82,5,CONFIRMED
BK-00556,2025-03-02,2025-03-04,dob-001,2,EXPEDIA,109.23,14,CONFIRMED
BK-00557,2025-03-02,2025-03-04,dob-001,1,BOOKING,110.55,0,CANCELLED
BK-00558,2025-03-02,2025-03-03,dob-001,2,DIRECT,115.12,0,CONFIRMED
BK-00559,2025-03-03,2025-03-04,dob-001,1,AIRBNB,107.53,4,CONFIRMED
BK-00560,2025-03-03,2025-03-05,dob-001,2,BOOKING,105.44,7,CONFIRMED
BK-00561,2025-03-03,2025-03-04,dob-001,1,EXPEDIA,106.66,11,CONFIRMED
BK-00562,2025-03-03,2025-03-05,sui-001,3,BOOKING,188.66,0,CONFIRMED
BK-00563,2025-03-03,2025-03-05,sup-001,1,DIRECT,145.94,4,CONFIRMED
BK-00564,2025-03-03,2025-03-05,dob-001,1,DIRECT,119.21,3,CONFIRMED
BK-00565,2025-03-03,2025-03-05,dob-001,1,DIRECT,117.5,9,CONFIRMED
BK-00566,2025-03-03,2025-03-05,dob-001,2,DIRECT,113.82,7,CONFIRMED
BK-00567,2025-03-03,2025-03-07,dob-001,2,BOOKING,105.66,5,CONFIRMED
BK-00568,2025-03-04,2025-03-05,dob-001,2,AIRBNB,105.99,0,CONFIRMED
BK-00569,2025-03-04,2025-03-06,sup-001,1,EXPEDIA,137.31,5,CONFIRMED
BK-00570,2025-03-04,2025-03-06,dob-001,1,DIRECT,113.17,18,CONFIRMED
BK-00571,2025-03-04,2025-03-06,sui-001,1,BOOKING,180.29,0,CONFIRMED
BK-00572,2025-03-04,2025-03-06,sup-001,2,DIRECT,152.22,8,CONFIRMED
BK-00573,2025-03-04,2025-03-07,sui-001,2,EXPEDIA,189.56,5,CONFIRMED
BK-00574,2025-03-04,2025-03-07,dob-001,1,EXPEDIA,110.61,8,CONFIRMED
BK-00575,2025-03-04,2025-03-06,sup-001,1,DIRECT,147.39,8,CONFIRMED
BK-00576,2025-03-04,2025-03-05,sui-001,3,DIRECT,205.71,20,CONFIRMED
BK-00577,2025-03-05,2025-03-06,dob-001,2,EXPEDIA,109.64,4,CONFIRMED
BK-00578,2025-03-05,2025-03-08,dob-001,1,BOOKING,109.95,10,CONFIRMED
BK-00579,2025-03-05,2025-03-06,sup-001,2,EXPEDIA,136.8,1,CONFIRMED
BK-00580,2025-03-05,2025-03-07,dob-001,2,EXPEDIA,110.68,5,CONFIRMED
BK-00581,2025-03-05,2025-03-07,dob-001,1,DIRECT,118.94,2,CONFIRMED
BK-00582,2025-03-05,2025-03-06,sup-001,1,AIRBNB,127.82,14,CONFIRMED
BK-00583,2025-03-05,2025-03-06,sui-001,2,DIRECT,214.01,13,CONFIRMED
BK-00584,2025-03-05,2025-03-07,sup-001,2,EXPEDIA,143.97,8,CANCELLED
BK-00585,2025-03-05,2025-03-06,sup-001,2,DIRECT,152.16,6,CONFIRMED
BK-00586,2025-03-06,2025-03-07,dob-001,1,DIRECT,110.81,8,CONFIRMED
BK-00587,2025-03-06,2025-03-12,dob-001,1,EXPEDIA,110.56,0,CONFIRMED
BK-00588,2025-03-06,2025-03-07,dob-001,2,DIRECT,114.87,2,CANCELLED
BK-00589,2025-03-06,2025-03-07,sui-001,2,BOOKING,187.24,2,CANCELLED
BK-00590,2025-03-06,2025-03-07,dob-001,2,DIRECT,121.97,4,CONFIRMED
BK-00591,2025-03-06,2025-03-09,sui-001,3,BOOKING,193.87,0,CANCELLED
BK-00592,2025-03-06,2025-03-08,sui-001,2,BOOKING,181.75,2,CONFIRMED
BK-00593,2025-03-06,2025-03-08,dob-001,2,AIRBNB,102.77,0,CONFIRMED
BK-00594,2025-03-06,2025-03-09,dob-001,1,DIRECT,120.39,22,CONFIRMED
BK-00595,2025-03-07,2025-03-11,dob-001,1,BOOKING,135.49,11,CONFIRMED
BK-00596,2025-03-07,2025-03-09,sui-001,3,DIRECT,244.1,38,CONFIRMED
BK-00597,2025-03-07,2025-03-08,dob-001,1,BOOKING,135.23,27,CONFIRMED
BK-00598,2025-03-07,2025-03-09,sup-001,1,BOOKING,173.94,6,CONFIRMED
BK-00599,2025-03-07,2025-03-12,dob-001,2,AIRBNB,123.63,36,CONFIRMED
BK-00600,2025-03-07,2025-03-09,dob-001,2,DIRECT,144.29,11,CONFIRMED
BK-00601,2025-03-07,2025-03-08,dob-001,1,EXPEDIA,135.57,10,CANCELLED
BK-00602,2025-03-07,2025-03-08,dob-001,1,BOOKING,129.86,3,CONFIRMED
BK-00603,2025-03-07,2025-03-08,sup-001,2,BOOKING,175.31,7,CONFIRMED
BK-00604,2025-03-07,2025-03-10,dob-001,1,DIRECT,144.79,14,CONFIRMED
BK-00605,2025-03-07,2025-03-08,dob-001,1,DIRECT,150.3,9,CONFIRMED
BK-00606,2025-03-07,2025-03-10,dob-001,2,DIRECT,148.72,17,NO_SHOW
BK-00607,2025-03-07,2025-03-09,dob-001,1,EXPEDIA,135.59,4,CONFIRMED
BK-00608,2025-03-08,2025-03-11,dob-001,2,BOOKING,130.86,9,CONFIRMED
BK-00609,2025-03-08,2025-03-10,dob-001,1,AIRBNB,132.26,28,CONFIRMED
BK-00610,2025-03-08,2025-03-10,dob-001,1,BOOKING,131.13,27,CONFIRMED
BK-00611,2025-03-08,2025-03-10,sup-001,2,EXPEDIA,165.76,10,CONFIRMED
BK-00612,2025-03-08,2025-03-11,dob-001,2,DIRECT,148.71,27,CONFIRMED
BK-00613,2025-03-08,2025-03-09,dob-001,1,DIRECT,140.41,12,CONFIRMED
BK-00614,2025-03-08,2025-03-11,dob-001,2,BOOKING,131.91,28,CANCELLED
BK-00615,2025-03-08,2025-03-09,dob-001,2,EXPEDIA,128.62,12,CANCELLED
BK-00616,2025-03-08,2025-03-09,dob-001,2,AIRBNB,125.1,10,CONFIRMED
BK-00617,2025-03-08,2025-03-09,sup-001,1,DIRECT,180.92,20,CONFIRMED
BK-00618,2025-03-08,2025-03-10,dob-001,2,DIRECT,146.05,8,CONFIRMED
BK-00619,2025-03-08,2025-03-09,sui-001,3,BOOKING,243.78,12,CONFIRMED
BK-00620,2025-03-08,2025-03-09,sup-001,2,BOOKING,172.96,24,CONFIRMED
BK-00621,2025-03-09,2025-03-11,dob-001,1,DIRECT,115.07,9,CONFIRMED
BK-00622,2025-03-09,2025-03-10,dob-001,2,DIRECT,114.82,0,CONFIRMED
BK-00623,2025-03-09,2025-03-10,dob-001,2,AIRBNB,100.48,14,CONFIRMED
BK-00624,2025-03-09,2025-03-10,dob-001,2,BOOKING,106.86,7,CONFIRMED
BK-00625,2025-03-09,2025-03-11,dob-001,1,BOOKING,110.86,2,CONFIRMED
BK-00626,2025-03-09,2025-03-12,sui-001,2,EXPEDIA,194.84,9,CONFIRMED
BK-00627,2025-03-09,2025-03-12,dob-001,1,DIRECT,118.07,2,CONFIRMED
BK-00628,2025-03-09,2025-03-10,dob-001,2,DIRECT,112.0,3,CONFIRMED
BK-00629,2025-03-09,2025-03-11,dob-001,1,EXPEDIA,105.97,0,CONFIRMED
BK-00630,2025-03-10,2025-03-16,sup-001,2,BOOKING,144.29,7,CONFIRMED
BK-00631,2025-03-10,2025-03-11,sui-001,1,EXPEDIA,195.0,11,CONFIRMED
BK-00632,2025-03-10,2025-03-11,sui-001,2,EXPEDIA,187.92,19,CONFIRMED
BK-00633,2025-03-10,2025-03-11,sup-001,2,BOOKING,142.03,14,CONFIRMED
BK-00634,2025-03-10,2025-03-11,dob-001,1,BOOKING,108.23,6,CANCELLED
BK-00635,2025-03-10,2025-03-12,dob-001,2,DIRECT,118.19,7,CONFIRMED
BK-00636,2025-03-10,2025-03-11,dob-001,1,DIRECT,110.91,10,CONFIRMED
BK-00637,2025-03-10,2025-03-12,dob-001,2,BOOKING,103.59,10,CONFIRMED
BK-00638,2025-03-10,2025-03-14,sup-001,2,AIRBNB,134.44,9,CONFIRMED
BK-00639,2025-03-11,2025-03-13,sup-001,1,DIRECT,155.26,9,NO_SHOW
BK-00640,2025-03-11,2025-03-12,dob-001,1,EXPEDIA,112.31,0,CONFIRMED
BK-00641,2025-03-11,2025-03-12,dob-001,2,DIRECT,119.35,9,CONFIRMED
BK-00642,2025-03-11,2025-03-14,dob-001,2,AIRBNB,99.06,12,CONFIRMED
BK-00643,2025-03-11,2025-03-12,dob-001,1,BOOKING,102.8,3,CONFIRMED
BK-00644,2025-03-11,2025-03-13,sui-001,3,DIRECT,204.92,10,CONFIRMED
BK-00645,2025-03-11,2025-03-13,dob-001,2,BOOKING,103.79,2,CONFIRMED
BK-00646,2025-03-11,2025-03-12,dob-001,1,EXPEDIA,104.78,15,CONFIRMED
BK-00647,2025-03-11,2025-03-12,dob-001,2,BOOKING,105.36,0,CONFIRMED
BK-00648,2025-03-12,2025-03-14,dob-001,2,DIRECT,116.54,5,CONFIRMED
BK-00649,2025-03-12,2025-03-13,sui-001,1,EXPEDIA,186.53,13,CONFIRMED
BK-00650,2025-03-12,2025-03-15,sup-001,1,DIRECT,147.71,4,CONFIRMED
BK-00651,2025-03-12,2025-03-16,sui-001,3,DIRECT,198.99,10,CONFIRMED
BK-00652,2025-03-12,2025-03-13,sup-001,2,EXPEDIA,141.43,14,CONFIRMED
BK-00653,2025-03-12,2025-03-14,dob-001,2,EXPEDIA,106.25,10,CONFIRMED
BK-00654,2025-03-12,2025-03-18,dob-001,1,BOOKING,113.31,13,CONFIRMED
BK-00655,2025-03-12,2025-03-13,dob-001,2,EXPEDIA,104.91,0,CONFIRMED
BK-00656,2025-03-12,2025-03-16,sup-001,2,DIRECT,149.11,1,CONFIRMED
BK-00657,2025-03-13,2025-03-18,sup-001,2,BOOKING,135.62,5,NO_SHOW
BK-00658,2025-03-13,2025-03-14,sui-001,3,EXPEDIA,190.01,12,CONFIRMED
BK-00659,2025-03-13,2025-03-17,sup-001,1,DIRECT,151.9,11,CONFIRMED
BK-00660,2025-03-13,2025-03-16,dob-001,1,DIRECT,119.37,12,CANCELLED
BK-00661,2025-03-13,2025-03-15,sup-001,2,DIRECT,152.09,0,CONFIRMED
BK-00662,2025-03-13,2025-03-15,dob-001,1,BOOKING,110.93,0,CONFIRMED
BK-00663,2025-03-13,2025-03-16,dob-001,2,BOOKING,109.1,8,CONFIRMED
BK-00664,2025-03-13,2025-03-15,dob-001,1,BOOKING,108.43,17,CONFIRMED
BK-00665,2025-03-13,2025-03-15,dob-001,1,DIRECT,117.75,1,CONFIRMED
BK-00666,2025-03-14,2025-03-15,dob-001,1,DIRECT,137.7,20,CONFIRMED
BK-00667,2025-03-14,2025-03-15,sup-001,1,BOOKING,165.59,14,CONFIRMED
BK-00668,2025-03-14,2025-03-16,sup-001,1,EXPEDIA,175.91,8,CONFIRMED
BK-00669,2025-03-14,2025-03-15,dob-001,1,EXPEDIA,132.04,26,CANCELLED
BK-00670,2025-03-14,2025-03-15,dob-001,1,BOOKING,139.54,21,CONFIRMED
BK-00671,2025-03-14,2025-03-20,sup-001,1,BOOKING,169.7,16,CONFIRMED
BK-00672,2025-03-14,2025-03-17,sup-001,1,DIRECT,193.53,7,CANCELLED
BK-00673,2025-03-14,2025-03-17,sui-001,3,DIRECT,244.16,11,CONFIRMED
BK-00674,2025-03-14,2025-03-15,dob-001,1,BOOKING,136.12,14,CONFIRMED
BK-00675,2025-03-14,2025-03-16,dob-001,2,DIRECT,140.6,19,CONFIRMED
BK-00676,2025-03-14,2025-03-16,sup-001,2,DIRECT,183.55,15,CONFIRMED
BK-00677,2025-03-14,2025-03-17,dob-001,2,EXPEDIA,129.48,23,CONFIRMED
BK-00678,2025-03-14,2025-03-19,dob-001,1,DIRECT,144.15,3,CONFIRMED
BK-00679,2025-03-15,2025-03-17,dob-001,2,BOOKING,145.38,14,CONFIRMED
BK-00680,2025-03-15,2025-03-16,dob-001,1,DIRECT,155.46,26,CONFIRMED
BK-00681,2025-03-15,2025-03-17,sui-001,2,EXPEDIA,246.55,28,CONFIRMED
BK-00682,2025-03-15,2025-03-16,sup-001,2,DIRECT,197.74,2,CONFIRMED
BK-00683,2025-03-15,2025-03-19,dob-001,2,BOOKING,154.8,14,CONFIRMED
BK-00684,2025-03-15,2025-03-16,sui-001,2,BOOKING,259.79,19,CONFIRMED
BK-00685,2025-03-15,2025-03-18,sup-001,2,DIRECT,216.05,35,CONFIRMED
BK-00686,2025-03-15,2025-03-19,dob-001,1,AIRBNB,146.75,38,CONFIRMED
BK-00687,2025-03-15,2025-03-16,dob-001,2,AIRBNB,139.2,21,CONFIRMED
BK-00688,2025-03-15,2025-03-19,dob-001,2,AIRBNB,144.37,6,CONFIRMED
BK-00689,2025-03-15,2025-03-16,dob-001,2,EXPEDIA,143.88,7,CONFIRMED
BK-00690,2025-03-15,2025-03-16,sup-001,2,EXPEDIA,192.96,11,CONFIRMED
BK-00691,2025-03-15,2025-03-16,sup-001,2,AIRBNB,186.21,14,CONFIRMED
BK-00692,2025-03-16,2025-03-17,dob-001,2,BOOKING,123.09,8,NO_SHOW
BK-00693,2025-03-16,2025-03-20,dob-001,2,AIRBNB,111.11,3,CONFIRMED
BK-00694,2025-03-16,2025-03-17,dob-001,1,EXPEDIA,121.34,13,CONFIRMED
BK-00695,2025-03-16,2025-03-18,sup-001,2,BOOKING,160.07,0,CONFIRMED
BK-00696,2025-03-16,2025-03-22,dob-001,1,BOOKING,120.69,6,CONFIRMED
BK-00697,2025-03-16,2025-03-18,dob-001,1,DIRECT,129.1,2,CONFIRMED
BK-00698,2025-03-16,2025-03-18,dob-001,2,DIRECT,133.88,19,CONFIRMED
BK-00699,2025-03-16,2025-03-18,dob-001,2,DIRECT,128.48,5,CANCELLED
BK-00700,2025-03-16,2025-03-17,dob-001,2,BOOKING,119.46,3,CONFIRMED
BK-00701,2025-03-17,2025-03-19,dob-001,2,AIRBNB,113.42,9,CONFIRMED
BK-00702,2025-03-17,2025-03-19,dob-001,2,BOOKING,125.4,9,CONFIRMED
BK-00703,2025-03-17,2025-03-18,dob-001,2,EXPEDIA,124.43,4,CONFIRMED
BK-00704,2025-03-17,2025-03-19,dob-001,1,BOOKING,119.36,3,CONFIRMED
BK-00705,2025-03-17,2025-03-18,sup-001,1,DIRECT,173.35,6,CONFIRMED
BK-00706,2025-03-17,2025-03-18,dob-001,1,AIRBNB,113.72,14,CONFIRMED
BK-00707,2025-03-17,2025-03-18,dob-001,1,BOOKING,123.9,0,CONFIRMED
BK-00708,2025-03-17,2025-03-18,dob-001,1,EXPEDIA,122.0,0,CONFIRMED
BK-00709,2025-03-17,2025-03-18,sui-001,1,AIRBNB,201.72,11,CONFIRMED
BK-00710,2025-03-18,2025-03-20,sup-001,1,EXPEDIA,156.22,16,CONFIRMED
BK-00711,2025-03-18,2025-03-19,sui-001,2,DIRECT,227.94,13,CONFIRMED
BK-00712,2025-03-18,2025-03-19,dob-001,1,EXPEDIA,120.3,10,CONFIRMED
BK-00713,2025-03-18,2025-03-20,sup-001,2,DIRECT,170.56,15,CONFIRMED
BK-00714,2025-03-18,2025-03-23,sui-001,2,DIRECT,227.38,6,CONFIRMED
BK-00715,2025-03-18,2025-03-19,sui-001,2,DIRECT,219.54,1,CONFIRMED
BK-00716,2025-03-18,2025-03-20,sup-001,1,AIRBNB,149.1,0,CONFIRMED
BK-00717,2025-03-18,2025-03-21,dob-001,2,EXPEDIA,121.65,2,CONFIRMED
BK-00718,2025-03-18,2025-03-19,dob-001,2,DIRECT,129.69,14,CONFIRMED
BK-00719,2025-03-19,2025-03-20,dob-001,1,EXPEDIA,156.75,27,CONFIRMED
BK-00720,2025-03-19,2025-03-20,dob-001,2,EXPEDIA,164.36,27,CONFIRMED
BK-00721,2025-03-19,2025-03-21,dob-001,2,AIRBNB,157.63,33,CONFIRMED
BK-00722,2025-03-19,2025-03-20,sui-001,2,EXPEDIA,275.23,14,CONFIRMED
BK-00723,2025-03-19,2025-03-21,sup-001,2,AIRBNB,208.4,29,CANCELLED
BK-00724,2025-03-19,2025-03-22,sup-001,2,BOOKING,216.88,33,CONFIRMED
BK-00725,2025-03-19,2025-03-21,sup-001,1,DIRECT,224.9,18,CONFIRMED
BK-00726,2025-03-19,2025-03-20,sui-001,1,DIRECT,314.69,30,CONFIRMED
BK-00727,2025-03-19,2025-03-20,sui-001,2,DIRECT,313.3,42,CONFIRMED
BK-00728,2025-03-19,2025-03-21,dob-001,2,DIRECT,182.62,61,CONFIRMED
BK-00729,2025-03-19,2025-03-20,sup-001,2,EXPEDIA,218.3,28,CONFIRMED
BK-00730,2025-03-19,2025-03-21,sup-001,2,DIRECT,226.46,29,CONFIRMED
BK-00731,2025-03-19,2025-03-20,sup-001,2,BOOKING,204.58,25,CONFIRMED
BK-00732,2025-03-19,2025-03-20,dob-001,1,DIRECT,166.48,38,CONFIRMED
BK-00733,2025-03-20,2025-03-22,sup-001,2,DIRECT,163.77,13,CONFIRMED
BK-00734,2025-03-20,2025-03-21,dob-001,1,BOOKING,115.56,15,CONFIRMED
BK-00735,2025-03-20,2025-03-22,dob-001,1,DIRECT,130.8,11,CONFIRMED
BK-00736,2025-03-20,2025-03-22,sui-001,2,BOOKING,214.47,15,CONFIRMED
BK-00737,2025-03-20,2025-03-22,sup-001,2,AIRBNB,153.43,15,CONFIRMED
BK-00738,2025-03-20,2025-03-22,dob-001,2,EXPEDIA,116.78,16,CONFIRMED
BK-00739,2025-03-20,2025-03-23,dob-001,2,BOOKING,123.47,3,CONFIRMED
BK-00740,2025-03-20,2025-03-22,sui-001,2,DIRECT,225.92,0,CONFIRMED
BK-00741,2025-03-20,2025-03-22,dob-001,1,BOOKING,117.91,12,CONFIRMED
BK-00742,2025-03-21,2025-03-23,sup-001,2,BOOKING,193.27,0,CONFIRMED
BK-00743,2025-03-21,2025-03-26,sup-001,2,BOOKING,189.73,0,CONFIRMED
BK-00744,2025-03-21,2025-03-23,sup-001,2,DIRECT,215.12,4,CONFIRMED
BK-00745,2025-03-21,2025-03-23,sup-001,2,BOOKING,199.67,16,CONFIRMED
BK-00746,2025-03-21,2025-03-22,dob-001,2,EXPEDIA,147.76,8,CONFIRMED
BK-00747,2025-03-21,2025-03-22,sup-001,2,EXPEDIA,184.21,13,CANCELLED
BK-00748,2025-03-21,2025-03-23,dob-001,2,BOOKING,150.52,13,CONFIRMED
BK-00749,2025-03-21,2025-03-23,dob-001,1,AIRBNB,138.26,0,CANCELLED
BK-00750,2025-03-21,2025-03-22,dob-001,2,AIRBNB,137.56,25,CONFIRMED
BK-00751,2025-03-21,2025-03-23,dob-001,2,DIRECT,165.51,1,CONFIRMED
BK-00752,2025-03-21,2025-03-23,dob-001,1,BOOKING,146.09,29,CONFIRMED
BK-00753,2025-03-21,2025-03-23,dob-001,1,BOOKING,142.73,31,CONFIRMED
BK-00754,2025-03-21,2025-03-23,sui-001,1,DIRECT,285.6,5,CONFIRMED
BK-00755,2025-03-22,2025-03-23,dob-001,1,AIRBNB,144.51,4,CONFIRMED
BK-00756,2025-03-22,2025-03-23,sup-001,2,DIRECT,205.21,19,CONFIRMED
BK-00757,2025-03-22,2025-03-23,dob-001,2,BOOKING,146.52,14,CONFIRMED
BK-00758,2025-03-22,2025-03-23,sup-001,2,AIRBNB,174.39,25,CONFIRMED
BK-00759,2025-03-22,2025-03-24,dob-001,2,DIRECT,159.11,31,NO_SHOW
BK-00760,2025-03-22,2025-03-25,dob-001,2,DIRECT,167.02,12,CONFIRMED
BK-00761,2025-03-22,2025-03-24,dob-001,1,EXPEDIA,147.38,4,CONFIRMED
BK-00762,2025-03-22,2025-03-24,dob-001,2,EXPEDIA,152.25,28,CANCELLED
BK-00763,2025-03-22,2025-03-23,dob-001,2,AIRBNB,140.07,10,CONFIRMED
BK-00764,2025-03-22,2025-03-23,dob-001,2,AIRBNB,137.45,12,CONFIRMED
BK-00765,2025-03-22,2025-03-24,dob-001,1,AIRBNB,133.63,10,CONFIRMED
BK-00766,2025-03-22,2025-03-23,dob-001,1,BOOKING,152.39,33,CONFIRMED
BK-00767,2025-03-22,2025-03-24,dob-001,2,BOOKING,142.59,11,CONFIRMED
BK-00768,2025-03-23,2025-03-24,sui-001,3,BOOKING,204.5,9,CONFIRMED
BK-00769,2025-03-23,2025-03-25,dob-001,2,DIRECT,124.62,0,CONFIRMED
BK-00770,2025-03-23,2025-03-24,dob-001,2,DIRECT,130.02,0,CONFIRMED
BK-00771,2025-03-23,2025-03-25,dob-001,1,BOOKING,119.39,22,CONFIRMED
BK-00772,2025-03-23,2025-03-27,sup-001,1,EXPEDIA,157.13,8,CANCELLED
BK-00773,2025-03-23,2025-03-24,sui-001,3,AIRBNB,202.58,6,CONFIRMED
BK-00774,2025-03-23,2025-03-25,dob-001,2,EXPEDIA,116.34,10,CONFIRMED
BK-00775,2025-03-23,2025-03-25,dob-001,2,DIRECT,124.39,7,CONFIRMED
BK-00776,2025-03-23,2025-03-24,dob-001,1,DIRECT,123.43,6,CONFIRMED
BK-00777,2025-03-24,2025-03-28,dob-001,2,EXPEDIA,115.44,0,CANCELLED
BK-00778,2025-03-24,2025-03-25,sui-001,3,EXPEDIA,219.81,0,CONFIRMED
BK-00779,2025-03-24,2025-03-26,sui-001,2,DIRECT,221.73,0,CANCELLED
BK-00780,2025-03-24,2025-03-27,dob-001,1,EXPEDIA,114.89,0,CONFIRMED
BK-00781,2025-03-24,2025-03-25,sup-001,1,DIRECT,167.26,6,CANCELLED
BK-00782,2025-03-24,2025-03-26,sui-001,2,DIRECT,232.89,14,CONFIRMED
BK-00783,2025-03-24,2025-03-26,dob-001,2,AIRBNB,111.16,15,CONFIRMED
BK-00784,2025-03-24,2025-03-27,dob-001,2,DIRECT,131.73,11,CANCELLED
BK-00785,2025-03-24,2025-03-26,dob-001,2,AIRBNB,113.27,14,CONFIRMED
BK-00786,2025-03-25,2025-03-27,sui-001,2,EXPEDIA,219.54,4,CONFIRMED
BK-00787,2025-03-25,2025-03-27,sup-001,2,BOOKING,157.05,4,CONFIRMED
BK-00788,2025-03-25,2025-03-26,sui-001,3,BOOKING,209.15,0,CONFIRMED
BK-00789,2025-03-25,2025-03-27,sup-001,1,DIRECT,174.04,10,CONFIRMED
BK-00790,2025-03-25,2025-03-26,sup-001,2,DIRECT,161.37,17,CONFIRMED
BK-00791,2025-03-25,2025-03-27,dob-001,2,BOOKING,120.41,1,CONFIRMED
BK-00792,2025-03-25,2025-03-26,sui-001,1,AIRBNB,205.24,5,CONFIRMED
BK-00793,2025-03-25,2025-03-26,dob-001,2,EXPEDIA,115.79,0,CONFIRMED
BK-00794,2025-03-25,2025-03-29,sup-001,1,DIRECT,166.92,0,CONFIRMED
BK-00795,2025-03-26,2025-03-27,sui-001,1,EXPEDIA,216.17,12,CONFIRMED
BK-00796,2025-03-26,2025-03-27,dob-001,2,BOOKING,119.97,8,CONFIRMED
BK-00797,2025-03-26,2025-03-27,sup-001,2,EXPEDIA,152.28,17,CONFIRMED
BK-00798,2025-03-26,2025-03-28,sui-001,3,DIRECT,232.79,5,CONFIRMED
BK-00799,2025-03-26,2025-03-27,sup-001,1,DIRECT,166.37,4,CONFIRMED
BK-00800,2025-03-26,2025-03-27,sui-001,3,DIRECT,233.1,0,CONFIRMED
BK-00801,2025-03-26,2025-03-28,dob-001,1,DIRECT,128.51,0,CONFIRMED
BK-00802,2025-03-26,2025-03-28,sup-001,1,EXPEDIA,155.36,0,CONFIRMED
BK-00803,2025-03-26,2025-03-30,dob-001,1,BOOKING,121.53,0,CONFIRMED
BK-00804,2025-03-27,2025-03-28,sup-001,1,DIRECT,167.91,7,CONFIRMED
BK-00805,2025-03-27,2025-03-28,dob-001,2,EXPEDIA,117.32,8,CONFIRMED
BK-00806,2025-03-27,2025-03-29,dob-001,2,EXPEDIA,116.12,0,CONFIRMED
BK-00807,2025-03-27,2025-03-28,sup-001,1,BOOKING,159.01,0,CONFIRMED
BK-00808,2025-03-27,2025-03-29,dob-001,1,AIRBNB,113.83,17,CONFIRMED
BK-00809,2025-03-27,2025-03-30,dob-001,2,EXPEDIA,117.91,10,CONFIRMED
BK-00810,2025-03-27,2025-03-28,sup-001,2,DIRECT,165.32,16,CONFIRMED
BK-00811,2025-03-27,2025-03-29,dob-001,2,BOOKING,118.65,13,CONFIRMED
BK-00812,2025-03-27,2025-03-29,dob-001,2,BOOKING,115.53,3,CONFIRMED
BK-00813,2025-03-28,2025-03-29,sup-001,2,DIRECT,214.21,18,CONFIRMED
BK-00814,2025-03-28,2025-03-30,sup-001,2,BOOKING,199.94,22,CONFIRMED
BK-00815,2025-03-28,2025-03-29,sui-001,2,AIRBNB,240.36,0,NO_SHOW
BK-00816,2025-03-28,2025-03-30,sup-001,2,DIRECT,214.32,3,CONFIRMED
BK-00817,2025-03-28,2025-03-29,sup-001,1,BOOKING,196.09,24,NO_SHOW
BK-00818,2025-03-28,2025-03-30,dob-001,2,BOOKING,147.14,16,CONFIRMED
BK-00819,2025-03-28,2025-03-30,dob-001,2,DIRECT,162.02,19,CANCELLED
BK-00820,2025-03-28,2025-03-30,dob-001,2,DIRECT,163.62,20,CONFIRMED
BK-00821,2025-03-28,2025-03-30,dob-001,2,EXPEDIA,147.31,16,CONFIRMED
BK-00822,2025-03-28,2025-03-31,sup-001,2,DIRECT,196.6,4,CONFIRMED
BK-00823,2025-03-28,2025-03-29,dob-001,2,AIRBNB,145.8,14,CONFIRMED
BK-00824,2025-03-28,2025-03-29,sup-001,2,AIRBNB,174.35,10,CONFIRMED
BK-00825,2025-03-28,2025-03-30,dob-001,1,BOOKING,143.47,28,CONFIRMED
BK-00826,2025-03-29,2025-03-30,sui-001,2,DIRECT,281.66,20,CANCELLED
BK-00827,2025-03-29,2025-03-30,sui-001,2,EXPEDIA,252.95,12,CONFIRMED
BK-00828,2025-03-29,2025-03-30,dob-001,2,BOOKING,150.94,29,CONFIRMED
BK-00829,2025-03-29,2025-03-31,sup-001,2,DIRECT,215.33,31,CONFIRMED
BK-00830,2025-03-29,2025-04-01,dob-001,1,BOOKING,144.71,7,CONFIRMED
BK-00831,2025-03-29,2025-03-30,sui-001,3,DIRECT,282.97,22,CONFIRMED
BK-00832,2025-03-29,2025-04-02,dob-001,1,BOOKING,147.01,5,CONFIRMED
BK-00833,2025-03-29,2025-03-30,sup-001,2,DIRECT,204.42,27,CONFIRMED
BK-00834,2025-03-29,2025-03-31,dob-001,2,DIRECT,165.13,9,CONFIRMED
BK-00835,2025-03-29,2025-03-30,dob-001,2,DIRECT,167.18,13,CONFIRMED
BK-00836,2025-03-29,2025-03-30,sup-001,2,BOOKING,199.06,25,CONFIRMED
BK-00837,2025-03-29,2025-03-30,sup-001,2,AIRBNB,176.66,11,CONFIRMED
BK-00838,2025-03-29,2025-03-30,dob-001,1,DIRECT,160.66,9,CONFIRMED
BK-00839,2025-03-30,2025-03-31,dob-001,1,DIRECT,135.05,10,CONFIRMED
BK-00840,2025-03-30,2025-04-01,dob-001,2,DIRECT,123.18,12,CONFIRMED
BK-00841,2025-03-30,2025-04-04,sup-001,2,DIRECT,175.45,2,CONFIRMED
BK-00842,2025-03-30,2025-03-31,sup-001,2,BOOKING,157.93,23,CONFIRMED
BK-00843,2025-03-30,2025-04-02,sup-001,2,DIRECT,166.5,0,CONFIRMED
BK-00844,2025-03-30,2025-03-31,dob-001,2,BOOKING,125.23,14,CONFIRMED
BK-00845,2025-03-30,2025-03-31,dob-001,2,BOOKING,116.33,14,CONFIRMED
BK-00846,2025-03-30,2025-04-01,dob-001,2,AIRBNB,109.99,11,CONFIRMED
BK-00847,2025-03-30,2025-03-31,sui-001,2,BOOKING,201.34,21,CONFIRMED
BK-00848,2025-03-31,2025-04-01,sup-001,2,AIRBNB,151.75,4,CONFIRMED
BK-00849,2025-03-31,2025-04-01,sui-001,1,AIRBNB,198.99,11,CONFIRMED
BK-00850,2025-03-31,2025-04-05,sui-001,3,DIRECT,217.47,9,CONFIRMED
BK-00851,2025-03-31,2025-04-03,dob-001,2,BOOKING,116.23,7,CONFIRMED
BK-00852,2025-03-31,2025-04-02,dob-001,2,DIRECT,127.06,3,CONFIRMED
BK-00853,2025-03-31,2025-04-02,sup-001,1,DIRECT,166.94,19,CONFIRMED
BK-00854,2025-03-31,2025-04-03,sup-001,2,BOOKING,151.04,3,CONFIRMED
BK-00855,2025-03-31,2025-04-01,dob-001,1,AIRBNB,118.2,0,CONFIRMED
BK-00856,2025-03-31,2025-04-02,sup-001,1,EXPEDIA,156.17,2,CONFIRMED
BK-00857,2025-04-01,2025-04-02,sui-001,2,DIRECT,221.64,9,CONFIRMED
BK-00858,2025-04-01,2025-04-04,dob-001,1,BOOKING,125.24,10,CONFIRMED
BK-00859,2025-04-01,2025-04-03,dob-001,1,DIRECT,133.84,0,CONFIRMED
BK-00860,2025-04-01,2025-04-02,sup-001,2,EXPEDIA,156.24,3,CONFIRMED
BK-00861,2025-04-01,2025-04-02,sui-001,2,BOOKING,201.65,0,CONFIRMED
BK-00862,2025-04-01,2025-04-02,dob-001,2,DIRECT,133.9,19,CONFIRMED
BK-00863,2025-04-01,2025-04-03,dob-001,2,BOOKING,123.83,4,CONFIRMED
BK-00864,2025-04-01,2025-04-03,sui-001,2,DIRECT,235.64,7,CONFIRMED
BK-00865,2025-04-01,2025-04-03,sup-001,2,DIRECT,173.37,8,CONFIRMED
BK-00866,2025-04-02,2025-04-03,dob-001,1,DIRECT,132.07,2,CONFIRMED
BK-00867,2025-04-02,2025-04-03,sup-001,2,EXPEDIA,155.21,16,CONFIRMED
BK-00868,2025-04-02,2025-04-03,dob-001,1,DIRECT,132.9,14,CONFIRMED
BK-00869,2025-04-02,2025-04-06,sup-001,2,DIRECT,173.19,5,CONFIRMED
BK-00870,2025-04-02,2025-04-06,sui-001,2,DIRECT,231.98,9,CONFIRMED
BK-00871,2025-04-02,2025-04-04,dob-001,2,DIRECT,126.77,7,CONFIRMED
BK-00872,2025-04-02,2025-04-04,sui-001,1,AIRBNB,199.58,11,CONFIRMED
BK-00873,2025-04-02,2025-04-03,sup-001,2,BOOKING,153.13,9,CANCELLED
BK-00874,2025-04-02,2025-04-03,dob-001,2,DIRECT,124.55,12,CONFIRMED
BK-00875,2025-04-03,2025-04-05,dob-001,2,EXPEDIA,117.4,5,CONFIRMED
BK-00876,2025-04-03,2025-04-04,sup-001,2,AIRBNB,144.17,10,CONFIRMED
BK-00877,2025-04-03,2025-04-04,sui-001,3,DIRECT,238.11,5,CONFIRMED
BK-00878,2025-04-03,2025-04-04,dob-001,2,BOOKING,115.72,3,CONFIRMED
BK-00879,2025-04-03,2025-04-05,dob-001,2,DIRECT,127.51,24,CANCELLED
BK-00880,2025-04-03,2025-04-09,sup-001,2,DIRECT,163.69,14,CONFIRMED
BK-00881,2025-04-03,2025-04-05,sup-001,2,DIRECT,169.13,0,CONFIRMED
BK-00882,2025-04-03,2025-04-05,dob-001,2,DIRECT,126.37,11,CONFIRMED
BK-00883,2025-04-03,2025-04-05,dob-001,1,DIRECT,135.72,16,CONFIRMED
BK-00884,2025-04-04,2025-04-06,dob-001,2,DIRECT,152.91,20,CONFIRMED
BK-00885,2025-04-04,2025-04-06,sup-001,1,EXPEDIA,187.97,6,CONFIRMED
BK-00886,2025-04-04,2025-04-06,sui-001,1,AIRBNB,255.98,14,CONFIRMED
BK-00887,2025-04-04,2025-04-05,dob-001,2,BOOKING,144.93,0,CONFIRMED
BK-00888,2025-04-04,2025-04-06,sup-001,2,DIRECT,198.18,7,CONFIRMED
BK-00889,2025-04-04,2025-04-06,sup-001,2,EXPEDIA,188.89,21,CONFIRMED
BK-00890,2025-04-04,2025-04-09,dob-001,1,BOOKING,145.19,4,CANCELLED
BK-00891,2025-04-04,2025-04-05,dob-001,1,EXPEDIA,145.49,34,CONFIRMED
BK-00892,2025-04-04,2025-04-05,dob-001,1,BOOKING,144.11,17,CONFIRMED
BK-00893,2025-04-04,2025-04-06,sup-001,1,AIRBNB,178.26,12,CONFIRMED
BK-00894,2025-04-04,2025-04-07,dob-001,2,BOOKING,150.74,15,CONFIRMED
BK-00895,2025-04-04,2025-04-09,sup-001,2,BOOKING,194.3,15,CONFIRMED
BK-00896,2025-04-04,2025-04-06,dob-001,1,EXPEDIA,145.82,9,CONFIRMED
BK-00897,2025-04-05,2025-04-07,dob-001,2,EXPEDIA,141.15,5,CONFIRMED
BK-00898,2025-04-05,2025-04-06,sui-001,3,DIRECT,289.03,12,CONFIRMED
BK-00899,2025-04-05,2025-04-06,dob-001,2,DIRECT,162.09,18,CONFIRMED
BK-00900,2025-04-05,2025-04-08,dob-001,2,BOOKING,146.4,31,CONFIRMED
BK-00901,2025-04-05,2025-04-07,sup-001,1,EXPEDIA,192.43,8,CONFIRMED
BK-00902,2025-04-05,2025-04-09,dob-001,2,EXPEDIA,148.32,0,CANCELLED
BK-00903,2025-04-05,2025-04-07,sup-001,2,BOOKING,184.23,4,CONFIRMED
BK-00904,2025-04-05,2025-04-07,dob-001,2,DIRECT,164.94,12,CONFIRMED
BK-00905,2025-04-05,2025-04-06,dob-001,2,BOOKING,146.45,13,CONFIRMED
BK-00906,2025-04-05,2025-04-06,dob-001,2,DIRECT,160.62,27,CONFIRMED
BK-00907,2025-04-05,2025-04-07,dob-001,1,DIRECT,162.2,13,CONFIRMED
BK-00908,2025-04-05,2025-04-08,dob-001,2,AIRBNB,145.5,32,CONFIRMED
BK-00909,2025-04-05,2025-04-07,dob-001,2,AIRBNB,134.69,4,CONFIRMED
BK-00910,2025-04-06,2025-04-08,sui-001,1,DIRECT,224.79,14,CONFIRMED
BK-00911,2025-04-06,2025-04-09,dob-001,2,AIRBNB,104.21,10,CONFIRMED
BK-00912,2025-04-06,2025-04-07,sup-001,2,BOOKING,143.36,3,CONFIRMED
BK-00913,2025-04-06,2025-04-07,dob-001,2,DIRECT,123.0,6,CONFIRMED
BK-00914,2025-04-06,2025-04-10,dob-001,2,DIRECT,128.82,16,CONFIRMED
BK-00915,2025-04-06,2025-04-10,sui-001,3,BOOKING,201.61,25,CONFIRMED
BK-00916,2025-04-06,2025-04-08,sui-001,3,AIRBNB,184.59,9,CONFIRMED
BK-00917,2025-04-06,2025-04-07,sup-001,2,AIRBNB,144.89,17,CONFIRMED
BK-00918,2025-04-06,2025-04-09,dob-001,2,BOOKING,109.33,16,CONFIRMED
BK-00919,2025-04-07,2025-04-08,sui-001,3,DIRECT,226.19,0,CANCELLED
BK-00920,2025-04-07,2025-04-08,dob-001,2,AIRBNB,110.42,0,CANCELLED
BK-00921,2025-04-07,2025-04-10,dob-001,2,EXPEDIA,116.64,11,CONFIRMED
BK-00922,2025-04-07,2025-04-09,dob-001,2,EXPEDIA,111.06,0,CONFIRMED
BK-00923,2025-04-07,2025-04-09,dob-001,2,BOOKING,114.4,0,CONFIRMED
BK-00924,2025-04-07,2025-04-08,dob-001,2,BOOKING,119.64,12,CONFIRMED
BK-00925,2025-04-07,2025-04-09,sui-001,2,EXPEDIA,207.82,6,CONFIRMED
BK-00926,2025-04-07,2025-04-09,sui-001,2,DIRECT,228.61,1,CONFIRMED
BK-00927,2025-04-07,2025-04-10,sui-001,3,DIRECT,229.28,1,CANCELLED
BK-00928,2025-04-08,2025-04-09,sui-001,2,EXPEDIA,207.03,0,CONFIRMED
BK-00929,2025-04-08,2025-04-09,dob-001,2,BOOKING,124.15,5,CONFIRMED
BK-00930,2025-04-08,2025-04-10,dob-001,2,DIRECT,133.34,0,CONFIRMED
BK-00931,2025-04-08,2025-04-09,sup-001,1,BOOKING,150.56,0,CONFIRMED
BK-00932,2025-04-08,2025-04-09,sup-001,1,BOOKING,150.23,0,CONFIRMED
BK-00933,2025-04-08,2025-04-11,sup-001,2,BOOKING,151.18,10,CONFIRMED
BK-00934,2025-04-08,2025-04-10,sup-001,2,EXPEDIA,150.15,7,CONFIRMED
BK-00935,2025-04-08,2025-04-09,dob-001,1,DIRECT,134.69,23,CANCELLED
BK-00936,2025-04-08,2025-04-10,sup-001,1,DIRECT,162.93,6,CONFIRMED
BK-00937,2025-04-09,2025-04-10,dob-001,2,AIRBNB,120.61,6,CONFIRMED
BK-00938,2025-04-09,2025-04-10,sui-001,2,DIRECT,221.23,15,CONFIRMED
BK-00939,2025-04-09,2025-04-10,dob-001,2,AIRBNB,119.99,12,CONFIRMED
BK-00940,2025-04-09,2025-04-11,sup-001,2,DIRECT,166.66,4,CONFIRMED
BK-00941,2025-04-09,2025-04-11,sui-001,3,DIRECT,221.96,7,CONFIRMED
BK-00942,2025-04-09,2025-04-10,dob-001,2,DIRECT,137.96,4,CONFIRMED
BK-00943,2025-04-09,2025-04-10,sui-001,3,BOOKING,220.82,0,CONFIRMED
BK-00944,2025-04-09,2025-04-10,dob-001,1,AIRBNB,115.73,7,CONFIRMED
BK-00945,2025-04-09,2025-04-12,dob-001,2,BOOKING,120.7,0,CANCELLED
BK-00946,2025-04-10,2025-04-12,dob-001,2,EXPEDIA,126.54,5,CONFIRMED
BK-00947,2025-04-10,2025-04-11,sup-001,2,BOOKING,165.84,8,CONFIRMED
BK-00948,2025-04-10,2025-04-12,sup-001,2,AIRBNB,159.67,9,CONFIRMED
BK-00949,2025-04-10,2025-04-14,sup-001,2,DIRECT,168.37,15,CONFIRMED
BK-00950,2025-04-10,2025-04-12,dob-001,1,DIRECT,140.29,4,CONFIRMED
BK-00951,2025-04-10,2025-04-11,dob-001,2,DIRECT,129.7,18,CONFIRMED
BK-00952,2025-04-10,2025-04-11,sup-001,2,EXPEDIA,160.39,14,CONFIRMED
BK-00953,2025-04-10,2025-04-13,dob-001,2,DIRECT,134.4,0,CONFIRMED
BK-00954,2025-04-10,2025-04-13,dob-001,2,BOOKING,127.47,0,CONFIRMED
BK-00955,2025-04-11,2025-04-13,sup-001,2,BOOKING,196.3,7,CONFIRMED
BK-00956,2025-04-11,2025-04-12,sup-001,2,BOOKING,197.64,23,CONFIRMED
BK-00957,2025-04-11,2025-04-14,dob-001,1,BOOKING,156.64,29,CONFIRMED
BK-00958,2025-04-11,2025-04-12,dob-001,1,DIRECT,167.52,3,CONFIRMED
BK-00959,2025-04-11,2025-04-13,dob-001,1,BOOKING,150.25,24,CONFIRMED
BK-00960,2025-04-11,2025-04-12,sup-001,2,DIRECT,226.22,19,CONFIRMED
BK-00961,2025-04-11,2025-04-13,dob-001,2,BOOKING,162.08,11,CONFIRMED
BK-00962,2025-04-11,2025-04-12,dob-001,2,EXPEDIA,150.13,39,CONFIRMED
BK-00963,2025-04-11,2025-04-12,dob-001,1,DIRECT,176.64,6,CONFIRMED
BK-00964,2025-04-11,2025-04-13,sup-001,2,BOOKING,205.37,0,CONFIRMED
BK-00965,2025-04-11,2025-04-12,sup-001,1,DIRECT,228.27,15,CONFIRMED
BK-00966,2025-04-11,2025-04-12,sui-001,2,BOOKING,276.94,15,CONFIRMED
BK-00967,2025-04-11,2025-04-12,sup-001,2,DIRECT,210.43,19,CONFIRMED
BK-00968,2025-04-12,2025-04-16,sup-001,2,BOOKING,199.82,14,CONFIRMED
BK-00969,2025-04-12,2025-04-15,sup-001,1,DIRECT,230.21,7,CONFIRMED
BK-00970,2025-04-12,2025-04-14,sup-001,1,BOOKING,205.69,0,CONFIRMED
BK-00971,2025-04-12,2025-04-14,sup-001,2,EXPEDIA,204.37,11,CONFIRMED
BK-00972,2025-04-12,2025-04-13,dob-001,2,AIRBNB,151.41,2,CONFIRMED
BK-00973,2025-04-12,2025-04-13,sui-001,1,EXPEDIA,271.59,17,CONFIRMED
BK-00974,2025-04-12,2025-04-15,dob-001,2,DIRECT,174.93,22,CONFIRMED
BK-00975,2025-04-12,2025-04-13,dob-001,2,EXPEDIA,164.19,6,CONFIRMED
BK-00976,2025-04-12,2025-04-15,sup-001,1,BOOKING,209.42,0,CONFIRMED
BK-00977,2025-04-12,2025-04-13,dob-001,1,BOOKING,154.83,22,CONFIRMED
BK-00978,2025-04-12,2025-04-13,dob-001,1,AIRBNB,156.46,13,CONFIRMED
BK-00979,2025-04-12,2025-04-13,sui-001,2,DIRECT,294.09,19,CONFIRMED
BK-00980,2025-04-12,2025-04-13,dob-001,2,DIRECT,166.22,18,CONFIRMED
BK-00981,2025-04-13,2025-04-15,sup-001,2,EXPEDIA,280.52,39,CANCELLED
BK-00982,2025-04-13,2025-04-14,dob-001,2,BOOKING,216.8,68,CANCELLED
BK-00983,2025-04-13,2025-04-14,dob-001,2,BOOKING,208.77,69,CANCELLED
BK-00984,2025-04-13,2025-04-15,dob-001,2,DIRECT,218.58,73,CONFIRMED
BK-00985,2025-04-13,2025-04-14,sui-001,3,BOOKING,367.68,66,CONFIRMED
BK-00986,2025-04-13,2025-04-14,dob-001,1,EXPEDIA,202.68,42,CONFIRMED
BK-00987,2025-04-13,2025-04-14,sup-001,2,DIRECT,303.27,41,CONFIRMED
BK-00988,2025-04-13,2025-04-14,sup-001,1,DIRECT,301.92,71,CONFIRMED
BK-00989,2025-04-13,2025-04-14,sui-001,3,DIRECT,403.26,91,CONFIRMED
BK-00990,2025-04-13,2025-04-16,sup-001,2,DIRECT,297.65,72,CONFIRMED
BK-00991,2025-04-13,2025-04-14,dob-001,2,BOOKING,218.59,48,CONFIRMED
BK-00992,2025-04-13,2025-04-14,dob-001,2,BOOKING,208.87,91,CONFIRMED
BK-00993,2025-04-13,2025-04-15,dob-001,2,EXPEDIA,207.99,86,CONFIRMED
BK-00994,2025-04-13,2025-04-14,dob-001,1,DIRECT,232.24,37,CONFIRMED
BK-00995,2025-04-13,2025-04-19,dob-001,1,DIRECT,219.09,26,CONFIRMED
BK-00996,2025-04-13,2025-04-15,dob-001,1,BOOKING,214.76,55,CONFIRMED
BK-00997,2025-04-14,2025-04-15,sui-001,2,DIRECT,402.89,56,CONFIRMED
BK-00998,2025-04-14,2025-04-15,dob-001,2,EXPEDIA,216.41,64,NO_SHOW
BK-00999,2025-04-14,2025-04-16,sui-001,2,AIRBNB,341.6,44,CONFIRMED
BK-01000,2025-04-14,2025-04-16,sup-001,2,EXPEDIA,264.4,49,CONFIRMED
BK-01001,2025-04-14,2025-04-16,dob-001,1,EXPEDIA,201.22,51,CONFIRMED
BK-01002,2025-04-14,2025-04-17,dob-001,2,BOOKING,210.55,23,CONFIRMED
BK-01003,2025-04-14,2025-04-16,sup-001,1,BOOKING,282.94,40,CONFIRMED
BK-01004,2025-04-14,2025-04-19,dob-001,1,EXPEDIA,214.43,69,CONFIRMED
BK-01005,2025-04-14,2025-04-16,dob-001,1,AIRBNB,208.36,27,CONFIRMED
BK-01006,2025-04-14,2025-04-18,dob-001,2,BOOKING,211.51,65,CONFIRMED
BK-01007,2025-04-14,2025-04-15,dob-001,2,BOOKING,202.48,24,CONFIRMED
BK-01008,2025-04-14,2025-04-15,sup-001,2,AIRBNB,265.91,63,CONFIRMED
BK-01009,2025-04-14,2025-04-15,dob-001,2,DIRECT,235.88,36,CONFIRMED
BK-01010,2025-04-14,2025-04-16,sup-001,2,EXPEDIA,271.38,48,CONFIRMED
BK-01011,2025-04-14,2025-04-15,dob-001,2,BOOKING,208.1,69,CONFIRMED
BK-01012,2025-04-14,2025-04-15,dob-001,2,BOOKING,214.95,31,CONFIRMED
BK-01013,2025-04-15,2025-04-18,sup-001,2,EXPEDIA,261.05,53,CONFIRMED
BK-01014,2025-04-15,2025-04-16,sup-001,2,BOOKING,273.16,35,CONFIRMED
BK-01015,2025-04-15,2025-04-17,dob-001,1,AIRBNB,205.22,61,CANCELLED
BK-01016,2025-04-15,2025-04-17,dob-001,2,AIRBNB,201.63,63,CONFIRMED
BK-01017,2025-04-15,2025-04-16,dob-001,1,AIRBNB,195.86,25,CONFIRMED
BK-01018,2025-04-15,2025-04-16,dob-001,1,DIRECT,221.26,80,CONFIRMED
BK-01019,2025-04-15,2025-04-16,dob-001,1,BOOKING,200.73,57,CONFIRMED
BK-01020,2025-04-15,2025-04-16,dob-001,1,BOOKING,216.88,64,CONFIRMED
BK-01021,2025-04-15,2025-04-16,dob-001,2,EXPEDIA,201.92,60,CONFIRMED
BK-01022,2025-04-15,2025-04-17,dob-001,2,BOOKING,204.41,40,CONFIRMED
BK-01023,2025-04-15,2025-04-16,sui-001,3,AIRBNB,342.3,26,CONFIRMED
BK-01024,2025-04-15,2025-04-16,dob-001,1,BOOKING,207.34,48,CANCELLED
BK-01025,2025-04-15,2025-04-17,sui-001,2,BOOKING,366.2,59,CANCELLED
BK-01026,2025-04-15,2025-04-16,sui-001,1,AIRBNB,348.5,60,CANCELLED
BK-01027,2025-04-15,2025-04-18,sup-001,2,BOOKING,258.92,39,CONFIRMED
BK-01028,2025-04-15,2025-04-17,sup-001,2,DIRECT,282.39,47,CONFIRMED
BK-01029,2025-04-16,2025-04-17,sup-001,2,BOOKING,266.98,47,CANCELLED
BK-01030,2025-04-16,2025-04-18,dob-001,1,BOOKING,206.67,87,NO_SHOW
BK-01031,2025-04-16,2025-04-18,dob-001,2,DIRECT,235.9,82,CONFIRMED
BK-01032,2025-04-16,2025-04-17,sup-001,2,AIRBNB,258.67,60,CONFIRMED
BK-01033,2025-04-16,2025-04-18,sup-001,1,DIRECT,288.64,45,CONFIRMED
BK-01034,2025-04-16,2025-04-19,sup-001,1,BOOKING,276.59,33,CONFIRMED
BK-01035,2025-04-16,2025-04-18,dob-001,2,AIRBNB,207.91,76,CONFIRMED
BK-01036,2025-04-16,2025-04-17,dob-001,1,BOOKING,204.42,62,CONFIRMED
BK-01037,2025-04-16,2025-04-17,dob-001,2,DIRECT,234.08,63,CONFIRMED
BK-01038,2025-04-16,2025-04-19,dob-001,2,BOOKING,213.36,72,CONFIRMED
BK-01039,2025-04-16,2025-04-18,sup-001,1,BOOKING,273.15,74,CONFIRMED
BK-01040,2025-04-16,2025-04-18,dob-001,1,EXPEDIA,220.33,66,CONFIRMED
BK-01041,2025-04-16,2025-04-18,sup-001,2,DIRECT,305.93,86,CONFIRMED
BK-01042,2025-04-16,2025-04-20,dob-001,2,BOOKING,213.78,49,CONFIRMED
BK-01043,2025-04-16,2025-04-17,dob-001,2,EXPEDIA,208.93,56,CONFIRMED
BK-01044,2025-04-16,2025-04-17,dob-001,2,DIRECT,232.19,80,CONFIRMED
BK-01045,2025-04-17,2025-04-18,sui-001,2,DIRECT,380.89,49,CONFIRMED
BK-01046,2025-04-17,2025-04-20,dob-001,2,BOOKING,204.76,86,CONFIRMED
BK-01047,2025-04-17,2025-04-18,dob-001,1,DIRECT,233.05,73,CONFIRMED
BK-01048,2025-04-17,2025-04-19,sup-001,2,BOOKING,259.33,13,CONFIRMED
BK-01049,2025-04-17,2025-04-18,dob-001,1,EXPEDIA,205.83,78,CONFIRMED
BK-01050,2025-04-17,2025-04-18,sup-001,2,EXPEDIA,268.03,49,CONFIRMED
BK-01051,2025-04-17,2025-04-19,dob-001,2,DIRECT,233.49,79,CONFIRMED
BK-01052,2025-04-17,2025-04-19,sui-001,3,DIRECT,395.08,61,CONFIRMED
BK-01053,2025-04-17,2025-04-18,dob-001,2,DIRECT,228.46,63,CONFIRMED
BK-01054,2025-04-17,2025-04-18,sup-001,2,BOOKING,264.28,47,CONFIRMED
BK-01055,2025-04-17,2025-04-18,sup-001,2,DIRECT,304.24,60,CANCELLED
BK-01056,2025-04-17,2025-04-18,sup-001,2,DIRECT,278.54,42,CONFIRMED
BK-01057,2025-04-17,2025-04-19,sup-001,2,DIRECT,284.03,73,CONFIRMED
BK-01058,2025-04-17,2025-04-20,dob-001,1,EXPEDIA,214.09,43,CONFIRMED
BK-01059,2025-04-17,2025-04-19,sui-001,2,DIRECT,383.5,44,CANCELLED
BK-01060,2025-04-17,2025-04-19,dob-001,1,DIRECT,220.52,46,CONFIRMED
BK-01061,2025-04-18,2025-04-20,dob-001,2,DIRECT,271.18,43,CANCELLED
BK-01062,2025-04-18,2025-04-23,dob-001,1,BOOKING,248.76,88,CONFIRMED
BK-01063,2025-04-18,2025-04-19,dob-001,2,BOOKING,250.29,73,CONFIRMED
BK-01064,2025-04-18,2025-04-20,sui-001,2,DIRECT,465.58,62,CONFIRMED
BK-01065,2025-04-18,2025-04-21,sui-001,3,DIRECT,510.31,62,CONFIRMED
BK-01066,2025-04-18,2025-04-19,dob-001,2,EXPEDIA,271.06,50,CANCELLED
BK-01067,2025-04-18,2025-04-21,sui-001,1,AIRBNB,416.86,91,CONFIRMED
BK-01068,2025-04-18,2025-04-19,dob-001,2,BOOKING,246.98,43,CONFIRMED
BK-01069,2025-04-18,2025-04-19,sup-001,2,BOOKING,346.64,93,CONFIRMED
BK-01070,2025-04-18,2025-04-22,sui-001,2,AIRBNB,428.86,71,CONFIRMED
BK-01071,2025-04-18,2025-04-19,sup-001,2,BOOKING,332.99,36,CONFIRMED
BK-01072,2025-04-18,2025-04-19,dob-001,2,EXPEDIA,252.73,58,CONFIRMED
BK-01073,2025-04-18,2025-04-22,dob-001,1,BOOKING,256.03,71,CONFIRMED
BK-01074,2025-04-18,2025-04-21,dob-001,2,BOOKING,260.03,98,CONFIRMED
BK-01075,2025-04-18,2025-04-19,dob-001,1,BOOKING,256.81,32,CONFIRMED
BK-01076,2025-04-18,2025-04-19,dob-001,1,EXPEDIA,250.43,66,CONFIRMED
BK-01077,2025-04-19,2025-04-21,dob-001,1,BOOKING,266.12,31,CONFIRMED
BK-01078,2025-04-19,2025-04-20,sui-001,1,DIRECT,474.15,57,CONFIRMED
BK-01079,2025-04-19,2025-04-20,dob-001,2,EXPEDIA,271.61,40,CONFIRMED
BK-01080,2025-04-19,2025-04-21,sup-001,1,AIRBNB,327.7,0,CONFIRMED
BK-01081,2025-04-19,2025-04-20,sup-001,2,BOOKING,342.91,36,CONFIRMED
BK-01082,2025-04-19,2025-04-20,dob-001,2,DIRECT,279.86,64,CONFIRMED
BK-01083,2025-04-19,2025-04-21,sup-001,2,EXPEDIA,343.21,55,CONFIRMED
BK-01084,2025-04-19,2025-04-20,sup-001,2,BOOKING,336.77,71,CONFIRMED
BK-01085,2025-04-19,2025-04-23,dob-001,2,DIRECT,284.61,48,CONFIRMED
BK-01086,2025-04-19,2025-04-21,dob-001,1,BOOKING,266.1,77,CONFIRMED
BK-01087,2025-04-19,2025-04-20,sui-001,2,AIRBNB,445.91,38,CONFIRMED
BK-01088,2025-04-19,2025-04-20,sui-001,2,BOOKING,435.04,43,CONFIRMED
BK-01089,2025-04-19,2025-04-21,sup-001,1,AIRBNB,323.47,55,CONFIRMED
BK-01090,2025-04-19,2025-04-20,dob-001,2,DIRECT,271.96,58,CONFIRMED
BK-01091,2025-04-19,2025-04-20,sup-001,2,DIRECT,348.54,73,CONFIRMED
BK-01092,2025-04-19,2025-04-21,dob-001,1,BOOKING,268.18,44,CANCELLED
BK-01093,2025-04-20,2025-04-21,dob-001,2,BOOKING,211.84,22,CONFIRMED
BK-01094,2025-04-20,2025-04-22,dob-001,1,DIRECT,216.91,31,CONFIRMED
BK-01095,2025-04-20,2025-04-23,dob-001,2,BOOKING,214.98,34,CONFIRMED
BK-01096,2025-04-20,2025-04-23,dob-001,2,BOOKING,205.75,66,CONFIRMED
BK-01097,2025-04-20,2025-04-23,sup-001,1,DIRECT,304.99,57,CONFIRMED
BK-01098,2025-04-20,2025-04-22,dob-001,2,BOOKING,217.78,37,CONFIRMED
BK-01099,2025-04-20,2025-04-22,dob-001,2,DIRECT,226.65,57,CONFIRMED
BK-01100,2025-04-20,2025-04-22,sui-001,1,AIRBNB,358.43,46,CONFIRMED
BK-01101,2025-04-20,2025-04-22,dob-001,2,DIRECT,232.46,87,CONFIRMED
BK-01102,2025-04-20,2025-04-22,dob-001,1,AIRBNB,191.81,73,CONFIRMED
BK-01103,2025-04-20,2025-04-21,sui-001,2,EXPEDIA,384.04,45,CONFIRMED
BK-01104,2025-04-20,2025-04-23,dob-001,1,EXPEDIA,201.61,55,CONFIRMED
BK-01105,2025-04-20,2025-04-22,dob-001,1,BOOKING,207.02,54,CONFIRMED
BK-01106,2025-04-20,2025-04-21,dob-001,1,EXPEDIA,217.07,49,CONFIRMED
BK-01107,2025-04-20,2025-04-22,sup-001,2,EXPEDIA,257.81,57,CONFIRMED
BK-01108,2025-04-20,2025-04-22,sup-001,2,AIRBNB,247.16,66,CONFIRMED
BK-01109,2025-04-21,2025-04-26,dob-001,1,DIRECT,146.79,9,CONFIRMED
BK-01110,2025-04-21,2025-04-22,sui-001,2,DIRECT,245.17,21,CONFIRMED
BK-01111,2025-04-21,2025-04-22,sup-001,2,DIRECT,181.5,10,CANCELLED
BK-01112,2025-04-21,2025-04-22,dob-001,1,DIRECT,136.37,10,CONFIRMED
BK-01113,2025-04-21,2025-04-23,sup-001,1,BOOKING,178.74,3,CONFIRMED
BK-01114,2025-04-21,2025-04-23,dob-001,2,AIRBNB,131.16,15,CONFIRMED
BK-01115,2025-04-21,2025-04-26,sup-001,2,EXPEDIA,172.81,4,CANCELLED
BK-01116,2025-04-21,2025-04-22,sui-001,2,AIRBNB,221.83,1,CONFIRMED
BK-01117,2025-04-21,2025-04-22,sup-001,1,BOOKING,172.48,12,CONFIRMED
BK-01118,2025-04-22,2025-04-23,sui-001,3,EXPEDIA,220.83,6,CONFIRMED
BK-01119,2025-04-22,2025-04-23,dob-001,1,DIRECT,148.92,15,CONFIRMED
BK-01120,2025-04-22,2025-04-23,sup-001,2,DIRECT,184.52,2,CONFIRMED
BK-01121,2025-04-22,2025-04-24,sui-001,1,DIRECT,250.46,4,CONFIRMED
BK-01122,2025-04-22,2025-04-24,sui-001,3,DIRECT,252.18,11,CONFIRMED
BK-01123,2025-04-22,2025-04-23,dob-001,1,BOOKING,133.77,11,CONFIRMED
BK-01124,2025-04-22,2025-04-23,dob-001,2,DIRECT,148.72,8,CONFIRMED
BK-01125,2025-04-22,2025-04-23,dob-001,1,EXPEDIA,128.69,7,CONFIRMED
BK-01126,2025-04-22,2025-04-23,dob-001,1,BOOKING,126.46,11,CONFIRMED
BK-01127,2025-04-23,2025-04-24,sui-001,2,DIRECT,257.45,5,CONFIRMED
BK-01128,2025-04-23,2025-04-24,sup-001,2,BOOKING,177.69,0,CONFIRMED
BK-01129,2025-04-23,2025-04-24,sup-001,1,EXPEDIA,172.31,0,CONFIRMED
BK-01130,2025-04-23,2025-04-24,dob-001,1,BOOKING,125.57,8,CONFIRMED
BK-01131,2025-04-23,2025-04-25,dob-001,2,BOOKING,131.86,13,CANCELLED
BK-01132,2025-04-23,2025-04-25,sup-001,1,BOOKING,168.54,5,CANCELLED
BK-01133,2025-04-23,2025-04-24,sup-001,1,BOOKING,170.31,5,CANCELLED
BK-01134,2025-04-23,2025-04-25,sup-001,2,EXPEDIA,166.11,0,CONFIRMED
BK-01135,2025-04-23,2025-04-26,dob-001,2,BOOKING,131.41,3,CONFIRMED
BK-01136,2025-04-24,2025-04-25,sup-001,2,BOOKING,162.19,2,CONFIRMED
BK-01137,2025-04-24,2025-04-26,sup-001,2,AIRBNB,156.93,13,CONFIRMED
BK-01138,2025-04-24,2025-04-27,dob-001,1,DIRECT,144.82,2,CANCELLED
BK-01139,2025-04-24,2025-04-25,dob-001,2,BOOKING,135.65,15,CONFIRMED
BK-01140,2025-04-24,2025-04-25,dob-001,2,EXPEDIA,129.47,12,CONFIRMED
BK-01141,2025-04-24,2025-04-27,sui-001,1,DIRECT,255.29,0,CONFIRMED
BK-01142,2025-04-24,2025-04-25,dob-001,1,EXPEDIA,137.92,5,CONFIRMED
BK-01143,2025-04-24,2025-04-27,dob-001,1,DIRECT,148.29,7,CONFIRMED
BK-01144,2025-04-24,2025-04-26,dob-001,2,BOOKING,129.27,1,CONFIRMED
BK-01145,2025-04-25,2025-04-26,dob-001,2,DIRECT,167.92,11,CONFIRMED
BK-01146,2025-04-25,2025-04-26,sup-001,2,BOOKING,210.53,9,CONFIRMED
BK-01147,2025-04-25,2025-04-27,dob-001,2,AIRBNB,153.4,5,CANCELLED
BK-01148,2025-04-25,2025-04-28,dob-001,2,AIRBNB,157.04,15,CANCELLED
BK-01149,2025-04-25,2025-04-26,dob-001,1,BOOKING,166.29,0,CONFIRMED
BK-01150,2025-04-25,2025-04-26,sui-001,3,BOOKING,290.26,18,CONFIRMED
BK-01151,2025-04-25,2025-04-26,sup-001,2,BOOKING,220.27,8,CONFIRMED
BK-01152,2025-04-25,2025-04-28,sui-001,2,DIRECT,316.81,17,CONFIRMED
BK-01153,2025-04-25,2025-04-26,dob-001,2,BOOKING,169.64,23,CONFIRMED
BK-01154,2025-04-25,2025-04-30,sui-001,3,AIRBNB,264.79,19,CONFIRMED
BK-01155,2025-04-25,2025-04-26,dob-001,2,BOOKING,167.45,8,CONFIRMED
BK-01156,2025-04-25,2025-04-27,dob-001,2,BOOKING,161.75,13,CONFIRMED
BK-01157,2025-04-25,2025-04-27,dob-001,1,DIRECT,174.49,11,CONFIRMED
BK-01158,2025-04-26,2025-04-27,sup-001,2,AIRBNB,193.97,10,CONFIRMED
BK-01159,2025-04-26,2025-04-28,dob-001,1,AIRBNB,148.17,0,CONFIRMED
BK-01160,2025-04-26,2025-04-29,sup-001,2,AIRBNB,202.43,10,CONFIRMED
BK-01161,2025-04-26,2025-04-28,dob-001,1,EXPEDIA,167.64,0,CONFIRMED
BK-01162,2025-04-26,2025-04-27,dob-001,1,DIRECT,183.31,6,CONFIRMED
BK-01163,2025-04-26,2025-04-27,sup-001,2,BOOKING,200.85,13,CANCELLED
BK-01164,2025-04-26,2025-04-29,dob-001,1,AIRBNB,157.26,13,CONFIRMED
BK-01165,2025-04-26,2025-04-28,sup-001,1,BOOKING,202.59,3,CONFIRMED
BK-01166,2025-04-26,2025-04-29,sui-001,2,BOOKING,274.51,11,CONFIRMED
BK-01167,2025-04-26,2025-04-29,sup-001,2,EXPEDIA,220.49,19,CONFIRMED
BK-01168,2025-04-26,2025-04-28,sup-001,2,EXPEDIA,207.47,13,CONFIRMED
BK-01169,2025-04-26,2025-04-27,sui-001,2,EXPEDIA,271.86,19,CONFIRMED
BK-01170,2025-04-26,2025-04-27,sui-001,2,BOOKING,289.12,0,NO_SHOW
BK-01171,2025-04-27,2025-05-03,sui-001,2,BOOKING,228.48,18,CONFIRMED
BK-01172,2025-04-27,2025-04-28,dob-001,1,EXPEDIA,130.6,6,CONFIRMED
BK-01173,2025-04-27,2025-04-29,dob-001,2,BOOKING,127.56,5,CONFIRMED
BK-01174,2025-04-27,2025-04-29,dob-001,1,DIRECT,146.1,0,CONFIRMED
BK-01175,2025-04-27,2025-04-28,sup-001,2,EXPEDIA,178.18,10,CONFIRMED
BK-01176,2025-04-27,2025-04-30,dob-001,1,AIRBNB,121.38,6,CANCELLED
BK-01177,2025-04-27,2025-05-02,dob-001,2,EXPEDIA,125.85,2,CANCELLED
BK-01178,2025-04-27,2025-04-29,dob-001,2,EXPEDIA,130.35,1,CONFIRMED
BK-01179,2025-04-27,2025-04-29,sup-001,2,EXPEDIA,173.11,3,CONFIRMED
BK-01180,2025-04-28,2025-04-29,dob-001,2,DIRECT,142.7,2,CONFIRMED
BK-01181,2025-04-28,2025-04-30,dob-001,1,BOOKING,131.79,8,CONFIRMED
BK-01182,2025-04-28,2025-04-29,sup-001,1,BOOKING,177.47,2,CONFIRMED
BK-01183,2025-04-28,2025-04-29,sup-001,1,EXPEDIA,170.31,0,CONFIRMED
BK-01184,2025-04-28,2025-04-30,dob-001,2,EXPEDIA,135.34,4,CONFIRMED
BK-01185,2025-04-28,2025-05-01,sui-001,2,DIRECT,240.08,0,CONFIRMED
BK-01186,2025-04-28,2025-04-29,dob-001,2,DIRECT,135.93,2,CONFIRMED
BK-01187,2025-04-28,2025-04-30,sui-001,2,BOOKING,226.39,7,CONFIRMED
BK-01188,2025-04-28,2025-04-30,sui-001,3,EXPEDIA,232.78,6,CONFIRMED
BK-01189,2025-04-29,2025-05-01,sup-001,2,AIRBNB,167.15,7,CONFIRMED
BK-01190,2025-04-29,2025-04-30,dob-001,2,DIRECT,144.02,10,CANCELLED
BK-01191,2025-04-29,2025-04-30,dob-001,2,DIRECT,148.31,6,CONFIRMED
BK-01192,2025-04-29,2025-04-30,dob-001,2,DIRECT,143.07,13,CONFIRMED
BK-01193,2025-04-29,2025-05-01,dob-001,2,AIRBNB,129.42,0,CONFIRMED
BK-01194,2025-04-29,2025-04-30,sup-001,2,DIRECT,175.41,14,CONFIRMED
BK-01195,2025-04-29,2025-04-30,sup-001,1,DIRECT,181.61,16,CONFIRMED
BK-01196,2025-04-29,2025-04-30,dob-001,1,AIRBNB,123.86,11,CONFIRMED
BK-01197,2025-04-29,2025-04-30,sui-001,3,DIRECT,257.5,6,CONFIRMED
BK-01198,2025-04-30,2025-05-02,dob-001,2,EXPEDIA,133.42,1,CONFIRMED
BK-01199,2025-04-30,2025-05-01,sui-001,2,AIRBNB,220.15,5,CONFIRMED
BK-01200,2025-04-30,2025-05-03,sup-001,1,BOOKING,170.73,0,CONFIRMED
BK-01201,2025-04-30,2025-05-01,dob-001,2,BOOKING,134.74,4,CONFIRMED
BK-01202,2025-04-30,2025-05-02,dob-001,1,EXPEDIA,135.94,0,NO_SHOW
BK-01203,2025-04-30,2025-05-01,dob-001,2,BOOKING,136.72,9,CONFIRMED
BK-01204,2025-04-30,2025-05-01,sui-001,1,DIRECT,255.22,1,CONFIRMED
BK-01205,2025-04-30,2025-05-01,sui-001,3,DIRECT,261.01,0,CONFIRMED
BK-01206,2025-04-30,2025-05-02,dob-001,2,EXPEDIA,138.57,7,CONFIRMED
BK-01207,2025-05-01,2025-05-03,sui-001,2,BOOKING,289.24,29,CANCELLED
BK-01208,2025-05-01,2025-05-02,sup-001,2,EXPEDIA,217.21,6,CONFIRMED
BK-01209,2025-05-01,2025-05-03,dob-001,2,BOOKING,157.55,43,CONFIRMED
BK-01210,2025-05-01,2025-05-04,dob-001,2,BOOKING,160.04,17,CONFIRMED
BK-01211,2025-05-01,2025-05-02,dob-001,1,AIRBNB,150.81,30,CONFIRMED
BK-01212,2025-05-01,2025-05-02,dob-001,2,EXPEDIA,158.84,22,CONFIRMED
BK-01213,2025-05-01,2025-05-03,sui-001,1,EXPEDIA,279.41,17,CONFIRMED
BK-01214,2025-05-01,2025-05-02,sup-001,1,BOOKING,202.68,18,CONFIRMED
BK-01215,2025-05-01,2025-05-02,dob-001,1,BOOKING,161.8,34,CONFIRMED
BK-01216,2025-05-01,2025-05-03,dob-001,1,DIRECT,173.71,36,CONFIRMED
BK-01217,2025-05-01,2025-05-04,dob-001,2,DIRECT,173.8,37,CONFIRMED
BK-01218,2025-05-01,2025-05-04,dob-001,1,DIRECT,173.11,41,CONFIRMED
BK-01219,2025-05-01,2025-05-04,sup-001,1,DIRECT,224.21,24,CONFIRMED
BK-01220,2025-05-01,2025-05-03,sup-001,2,EXPEDIA,217.24,19,CONFIRMED
BK-01221,2025-05-02,2025-05-06,dob-001,1,EXPEDIA,157.02,15,CONFIRMED
BK-01222,2025-05-02,2025-05-04,dob-001,2,DIRECT,184.0,15,CONFIRMED
BK-01223,2025-05-02,2025-05-03,sup-001,2,DIRECT,227.12,14,CONFIRMED
BK-01224,2025-05-02,2025-05-04,dob-001,2,AIRBNB,159.45,19,CONFIRMED
BK-01225,2025-05-02,2025-05-04,dob-001,2,EXPEDIA,164.11,27,CONFIRMED
BK-01226,2025-05-02,2025-05-03,sup-001,1,DIRECT,236.6,42,NO_SHOW
BK-01227,2025-05-02,2025-05-04,dob-001,1,DIRECT,170.92,9,CONFIRMED
BK-01228,2025-05-02,2025-05-04,dob-001,2,BOOKING,158.87,27,CONFIRMED
BK-01229,2025-05-02,2025-05-03,dob-001,1,BOOKING,166.6,17,CONFIRMED
BK-01230,2025-05-02,2025-05-04,dob-001,1,AIRBNB,161.42,14,CONFIRMED
BK-01231,2025-05-02,2025-05-03,dob-001,1,DIRECT,179.87,19,CONFIRMED
BK-01232,2025-05-02,2025-05-04,dob-001,1,BOOKING,157.91,7,CONFIRMED
BK-01233,2025-05-02,2025-05-05,dob-001,2,DIRECT,178.34,0,CONFIRMED
BK-01234,2025-05-03,2025-05-05,dob-001,1,AIRBNB,152.07,2,CONFIRMED
BK-01235,2025-05-03,2025-05-08,sup-001,2,DIRECT,221.25,18,CONFIRMED
BK-01236,2025-05-03,2025-05-06,sui-001,3,AIRBNB,268.97,25,CONFIRMED
BK-01237,2025-05-03,2025-05-06,sup-001,2,DIRECT,229.11,11,CANCELLED
BK-01238,2025-05-03,2025-05-04,sup-001,2,DIRECT,231.26,13,CONFIRMED
BK-01239,2025-05-03,2025-05-04,sup-001,2,EXPEDIA,207.62,22,CANCELLED
BK-01240,2025-05-03,2025-05-04,sup-001,1,DIRECT,220.46,28,CONFIRMED
BK-01241,2025-05-03,2025-05-06,sup-001,2,EXPEDIA,204.18,5,CONFIRMED
BK-01242,2025-05-03,2025-05-05,sup-001,1,DIRECT,216.4,12,CONFIRMED
BK-01243,2025-05-03,2025-05-06,dob-001,1,AIRBNB,159.49,9,CONFIRMED
BK-01244,2025-05-03,2025-05-04,dob-001,2,DIRECT,168.31,8,CONFIRMED
BK-01245,2025-05-03,2025-05-05,sup-001,2,EXPEDIA,216.69,12,CONFIRMED
BK-01246,2025-05-03,2025-05-04,sui-001,2,AIRBNB,271.37,17,CANCELLED
BK-01247,2025-05-04,2025-05-06,sui-001,1,EXPEDIA,239.55,0,CONFIRMED
BK-01248,2025-05-04,2025-05-06,sup-001,1,EXPEDIA,171.89,13,CONFIRMED
BK-01249,2025-05-04,2025-05-06,sup-001,1,DIRECT,176.66,0,CONFIRMED
BK-01250,2025-05-04,2025-05-05,dob-001,1,AIRBNB,128.28,18,CONFIRMED
BK-01251,2025-05-04,2025-05-05,sup-001,1,DIRECT,176.26,4,CONFIRMED
BK-01252,2025-05-04,2025-05-07,dob-001,1,AIRBNB,128.24,5,CONFIRMED
BK-01253,2025-05-04,2025-05-06,sup-001,1,BOOKING,162.72,7,CONFIRMED
BK-01254,2025-05-04,2025-05-05,dob-001,2,DIRECT,149.21,0,CONFIRMED
BK-01255,2025-05-05,2025-05-06,sui-001,2,EXPEDIA,232.45,9,CONFIRMED
BK-01256,2025-05-05,2025-05-06,dob-001,1,DIRECT,145.3,14,CONFIRMED
BK-01257,2025-05-05,2025-05-06,sup-001,1,EXPEDIA,164.39,0,CONFIRMED
BK-01258,2025-05-05,2025-05-06,sui-001,1,BOOKING,224.67,6,CONFIRMED
BK-01259,2025-05-05,2025-05-06,sui-001,3,AIRBNB,210.71,8,CONFIRMED
BK-01260,2025-05-05,2025-05-06,sui-001,1,BOOKING,240.7,9,CANCELLED
BK-01261,2025-05-05,2025-05-07,sui-001,2,DIRECT,253.65,5,CONFIRMED
BK-01262,2025-05-05,2025-05-08,dob-001,1,DIRECT,144.87,3,CANCELLED
BK-01263,2025-05-06,2025-05-09,sui-001,1,EXPEDIA,234.6,10,CONFIRMED
BK-01264,2025-05-06,2025-05-07,dob-001,2,EXPEDIA,126.29,5,CONFIRMED
BK-01265,2025-05-06,2025-05-10,sup-001,1,DIRECT,180.81,9,NO_SHOW
BK-01266,2025-05-06,2025-05-08,dob-001,2,BOOKING,135.99,13,CONFIRMED
BK-01267,2025-05-06,2025-05-07,sup-001,2,BOOKING,168.53,0,CONFIRMED
BK-01268,2025-05-06,2025-05-07,sup-001,2,BOOKING,173.96,4,CONFIRMED
BK-01269,2025-05-06,2025-05-07,dob-001,1,AIRBNB,119.88,22,CONFIRMED
BK-01270,2025-05-06,2025-05-09,dob-001,2,AIRBNB,120.94,2,CONFIRMED
BK-01271,2025-05-07,2025-05-12,sui-001,2,AIRBNB,229.59,10,CONFIRMED
BK-01272,2025-05-07,2025-05-08,sup-001,2,DIRECT,187.85,8,CONFIRMED
BK-01273,2025-05-07,2025-05-08,sup-001,2,EXPEDIA,163.29,5,CONFIRMED
BK-01274,2025-05-07,2025-05-10,sup-001,1,DIRECT,188.71,9,CONFIRMED
BK-01275,2025-05-07,2025-05-08,sup-001,2,BOOKING,164.63,5,CONFIRMED
BK-01276,2025-05-07,2025-05-08,sui-001,2,EXPEDIA,238.68,1,CONFIRMED
BK-01277,2025-05-07,2025-05-10,sup-001,2,BOOKING,169.2,0,CANCELLED
BK-01278,2025-05-07,2025-05-12,dob-001,2,BOOKING,128.2,6,CONFIRMED
BK-01279,2025-05-08,2025-05-09,sup-001,2,DIRECT,183.56,14,CONFIRMED
BK-01280,2025-05-08,2025-05-10,dob-001,1,EXPEDIA,133.94,0,CONFIRMED
BK-01281,2025-05-08,2025-05-09,dob-001,2,DIRECT,143.15,12,CONFIRMED
BK-01282,2025-05-08,2025-05-10,dob-001,1,EXPEDIA,133.83,7,CONFIRMED
BK-01283,2025-05-08,2025-05-09,dob-001,2,AIRBNB,123.07,7,CONFIRMED
BK-01284,2025-05-08,2025-05-09,sui-001,2,BOOKING,223.95,4,CONFIRMED
BK-01285,2025-05-08,2025-05-10,sup-001,2,AIRBNB,155.51,0,CONFIRMED
BK-01286,2025-05-08,2025-05-09,sup-001,2,BOOKING,176.5,13,CONFIRMED
BK-01287,2025-05-09,2025-05-10,dob-001,2,BOOKING,167.62,9,CONFIRMED
BK-01288,2025-05-09,2025-05-11,sup-001,2,DIRECT,232.05,0,CONFIRMED
BK-01289,2025-05-09,2025-05-13,sup-001,2,DIRECT,225.29,1,CONFIRMED
BK-01290,2025-05-09,2025-05-11,sui-001,2,BOOKING,272.5,29,CONFIRMED
BK-01291,2025-05-09,2025-05-11,dob-001,2,BOOKING,170.25,22,CONFIRMED
BK-01292,2025-05-09,2025-05-10,sup-001,2,DIRECT,219.18,4,CANCELLED
BK-01293,2025-05-09,2025-05-10,dob-001,1,DIRECT,171.35,13,CONFIRMED
BK-01294,2025-05-09,2025-05-11,sui-001,1,DIRECT,293.21,25,CONFIRMED
BK-01295,2025-05-09,2025-05-10,sui-001,3,AIRBNB,282.58,1,CONFIRMED
BK-01296,2025-05-09,2025-05-11,dob-001,1,BOOKING,165.59,28,CONFIRMED
BK-01297,2025-05-09,2025-05-11,sup-001,1,EXPEDIA,205.66,33,CONFIRMED
BK-01298,2025-05-09,2025-05-10,dob-001,1,DIRECT,168.49,14,CONFIRMED
BK-01299,2025-05-09,2025-05-11,dob-001,2,AIRBNB,161.02,11,CONFIRMED
BK-01300,2025-05-10,2025-05-11,sup-001,2,DIRECT,226.55,0,NO_SHOW
BK-01301,2025-05-10,2025-05-12,sup-001,1,DIRECT,222.78,0,CONFIRMED
BK-01302,2025-05-10,2025-05-12,dob-001,2,BOOKING,161.49,16,CONFIRMED
BK-01303,2025-05-10,2025-05-11,dob-001,2,AIRBNB,148.06,12,CONFIRMED
BK-01304,2025-05-10,2025-05-11,dob-001,2,DIRECT,176.07,28,CONFIRMED
BK-01305,2025-05-10,2025-05-11,sup-001,1,EXPEDIA,203.01,4,CANCELLED
BK-01306,2025-05-10,2025-05-11,dob-001,2,BOOKING,165.82,28,CONFIRMED
BK-01307,2025-05-10,2025-05-12,dob-001,1,BOOKING,165.36,10,CONFIRMED
BK-01308,2025-05-10,2025-05-11,sup-001,2,AIRBNB,204.28,11,CONFIRMED
BK-01309,2025-05-10,2025-05-11,dob-001,1,BOOKING,161.1,34,CONFIRMED
BK-01310,2025-05-10,2025-05-11,dob-001,2,BOOKING,161.8,31,CONFIRMED
BK-01311,2025-05-10,2025-05-11,sui-001,3,DIRECT,303.6,8,CONFIRMED
BK-01312,2025-05-10,2025-05-14,dob-001,2,AIRBNB,159.34,12,CONFIRMED
BK-01313,2025-05-11,2025-05-14,dob-001,2,BOOKING,130.82,2,CONFIRMED
BK-01314,2025-05-11,2025-05-13,dob-001,2,BOOKING,127.72,0,CONFIRMED
BK-01315,2025-05-11,2025-05-12,dob-001,2,BOOKING,131.17,13,CONFIRMED
BK-01316,2025-05-11,2025-05-13,dob-001,2,AIRBNB,129.24,0,NO_SHOW
BK-01317,2025-05-11,2025-05-13,dob-001,2,BOOKING,126.72,7,CONFIRMED
BK-01318,2025-05-11,2025-05-13,dob-001,1,DIRECT,138.61,0,CONFIRMED
BK-01319,2025-05-11,2025-05-12,dob-001,2,DIRECT,141.32,22,CONFIRMED
BK-01320,2025-05-11,2025-05-13,sui-001,1,EXPEDIA,224.62,3,CONFIRMED
BK-01321,2025-05-12,2025-05-15,dob-001,2,DIRECT,148.27,2,CONFIRMED
BK-01322,2025-05-12,2025-05-13,dob-001,1,DIRECT,147.12,9,CONFIRMED
BK-01323,2025-05-12,2025-05-13,sup-001,2,AIRBNB,164.31,11,CONFIRMED
BK-01324,2025-05-12,2025-05-15,sui-001,1,BOOKING,242.03,6,CONFIRMED
BK-01325,2025-05-12,2025-05-15,dob-001,2,BOOKING,133.74,9,CONFIRMED
BK-01326,2025-05-12,2025-05-15,sup-001,1,BOOKING,178.15,0,CONFIRMED
BK-01327,2025-05-12,2025-05-13,dob-001,2,BOOKING,137.55,17,CONFIRMED
BK-01328,2025-05-12,2025-05-13,dob-001,1,EXPEDIA,133.74,8,CONFIRMED
BK-01329,2025-05-13,2025-05-14,dob-001,1,AIRBNB,128.99,7,CONFIRMED
BK-01330,2025-05-13,2025-05-15,sup-001,2,DIRECT,186.69,19,CONFIRMED
BK-01331,2025-05-13,2025-05-14,sup-001,2,BOOKING,163.56,3,CONFIRMED
BK-01332,2025-05-13,2025-05-14,dob-001,1,EXPEDIA,125.69,21,CONFIRMED
BK-01333,2025-05-13,2025-05-17,dob-001,2,DIRECT,146.96,1,CONFIRMED
BK-01334,2025-05-13,2025-05-14,dob-001,2,DIRECT,135.88,21,CONFIRMED
BK-01335,2025-05-13,2025-05-19,sui-001,2,BOOKING,240.85,13,CONFIRMED
BK-01336,2025-05-13,2025-05-14,dob-001,2,DIRECT,147.79,16,CONFIRMED
BK-01337,2025-05-14,2025-05-15,dob-001,1,DIRECT,142.3,12,CONFIRMED
BK-01338,2025-05-14,2025-05-15,sui-001,2,BOOKING,230.9,4,CONFIRMED
BK-01339,2025-05-14,2025-05-15,dob-001,1,DIRECT,141.03,11,CONFIRMED
BK-01340,2025-05-14,2025-05-16,sup-001,2,DIRECT,183.92,3,CANCELLED
BK-01341,2025-05-14,2025-05-15,sui-001,3,EXPEDIA,232.55,1,CONFIRMED
BK-01342,2025-05-14,2025-05-16,dob-001,1,DIRECT,142.72,2,CONFIRMED
BK-01343,2025-05-14,2025-05-15,sup-001,2,EXPEDIA,165.04,5,CANCELLED
BK-01344,2025-05-14,2025-05-16,dob-001,1,BOOKING,130.31,8,CONFIRMED
BK-01345,2025-05-15,2025-05-16,sup-001,1,DIRECT,191.48,0,CONFIRMED
BK-01346,2025-05-15,2025-05-16,sup-001,2,BOOKING,166.72,9,CONFIRMED
BK-01347,2025-05-15,2025-05-18,sup-001,1,AIRBNB,159.02,0,CONFIRMED
BK-01348,2025-05-15,2025-05-16,dob-001,2,EXPEDIA,130.96,12,NO_SHOW
BK-01349,2025-05-15,2025-05-16,dob-001,1,DIRECT,147.64,4,CONFIRMED
BK-01350,2025-05-15,2025-05-18,sui-001,3,DIRECT,259.36,16,CONFIRMED
BK-01351,2025-05-15,2025-05-16,sui-001,1,BOOKING,225.79,10,CONFIRMED
BK-01352,2025-05-15,2025-05-16,sup-001,2,BOOKING,168.68,0,CONFIRMED
BK-01353,2025-05-16,2025-05-18,sup-001,2,EXPEDIA,200.17,4,CONFIRMED
BK-01354,2025-05-16,2025-05-17,dob-001,1,DIRECT,174.5,23,CONFIRMED
BK-01355,2025-05-16,2025-05-17,dob-001,1,AIRBNB,160.18,37,CANCELLED
BK-01356,2025-05-16,2025-05-18,dob-001,2,DIRECT,172.64,12,CONFIRMED
BK-01357,2025-05-16,2025-05-19,sup-001,1,DIRECT,235.07,8,CONFIRMED
BK-01358,2025-05-16,2025-05-19,sup-001,2,AIRBNB,192.02,15,CONFIRMED
BK-01359,2025-05-16,2025-05-18,dob-001,2,EXPEDIA,158.78,13,CONFIRMED
BK-01360,2025-05-16,2025-05-17,dob-001,2,BOOKING,166.45,6,CONFIRMED
BK-01361,2025-05-16,2025-05-17,dob-001,1,AIRBNB,149.67,17,CONFIRMED
BK-01362,2025-05-16,2025-05-17,dob-001,2,BOOKING,166.86,32,CONFIRMED
BK-01363,2025-05-16,2025-05-18,dob-001,2,DIRECT,183.98,15,CANCELLED
BK-01364,2025-05-16,2025-05-18,sui-001,2,EXPEDIA,275.04,23,CONFIRMED
BK-01365,2025-05-16,2025-05-19,dob-001,1,BOOKING,169.03,13,CONFIRMED
BK-01366,2025-05-17,2025-05-18,dob-001,2,EXPEDIA,169.57,6,CONFIRMED
BK-01367,2025-05-17,2025-05-18,dob-001,2,DIRECT,168.57,21,CONFIRMED
BK-01368,2025-05-17,2025-05-19,sup-001,1,BOOKING,212.03,16,CONFIRMED
BK-01369,2025-05-17,2025-05-19,dob-001,2,BOOKING,155.36,20,CONFIRMED
BK-01370,2025-05-17,2025-05-18,dob-001,1,DIRECT,177.75,12,CONFIRMED
BK-01371,2025-05-17,2025-05-18,sup-001,2,DIRECT,233.34,13,CONFIRMED
BK-01372,2025-05-17,2025-05-18,dob-001,2,BOOKING,162.68,20,CONFIRMED
BK-01373,2025-05-17,2025-05-19,sup-001,2,DIRECT,219.77,12,CONFIRMED
BK-01374,2025-05-17,2025-05-18,sui-001,2,DIRECT,297.45,17,CONFIRMED
BK-01375,2025-05-17,2025-05-18,dob-001,2,EXPEDIA,162.43,26,CONFIRMED
BK-01376,2025-05-17,2025-05-18,dob-001,2,EXPEDIA,168.08,11,NO_SHOW
BK-01377,2025-05-17,2025-05-18,dob-001,1,DIRECT,179.76,13,CONFIRMED
BK-01378,2025-05-17,2025-05-18,sui-001,2,BOOKING,280.4,3,CONFIRMED
BK-01379,2025-05-18,2025-05-21,sup-001,2,EXPEDIA,173.67,4,CANCELLED
BK-01380,2025-05-18,2025-05-19,sup-001,2,AIRBNB,156.17,5,CONFIRMED
BK-01381,2025-05-18,2025-05-19,dob-001,2,EXPEDIA,138.0,6,CONFIRMED
BK-01382,2025-05-18,2025-05-22,sup-001,2,AIRBNB,161.15,2,CONFIRMED
BK-01383,2025-05-18,2025-05-20,sui-001,3,DIRECT,261.8,1,CONFIRMED
BK-01384,2025-05-18,2025-05-19,dob-001,1,BOOKING,131.12,11,CONFIRMED
BK-01385,2025-05-18,2025-05-22,dob-001,1,EXPEDIA,131.56,0,CANCELLED
BK-01386,2025-05-18,2025-05-22,dob-001,2,BOOKING,129.21,7,CONFIRMED
BK-01387,2025-05-19,2025-05-20,sup-001,1,DIRECT,182.86,12,CONFIRMED
BK-01388,2025-05-19,2025-05-20,sup-001,2,DIRECT,190.75,8,CONFIRMED
BK-01389,2025-05-19,2025-05-21,sup-001,1,DIRECT,185.71,11,CONFIRMED
BK-01390,2025-05-19,2025-05-20,dob-001,1,BOOKING,133.81,6,CONFIRMED
BK-01391,2025-05-19,2025-05-23,dob-001,1,DIRECT,145.11,3,CONFIRMED
BK-01392,2025-05-19,2025-05-21,dob-001,1,EXPEDIA,132.72,15,CONFIRMED
BK-01393,2025-05-19,2025-05-20,dob-001,2,BOOKING,131.17,0,CONFIRMED
BK-01394,2025-05-19,2025-05-20,dob-001,2,DIRECT,142.11,17,CONFIRMED
BK-01395,2025-05-20,2025-05-21,dob-001,1,BOOKING,135.38,14,CONFIRMED
BK-01396,2025-05-20,2025-05-21,sup-001,2,DIRECT,184.94,5,CONFIRMED
BK-01397,2025-05-20,2025-05-21,sup-001,2,EXPEDIA,176.89,19,CONFIRMED
BK-01398,2025-05-20,2025-05-21,dob-001,2,DIRECT,140.19,7,CONFIRMED
BK-01399,2025-05-20,2025-05-21,dob-001,1,BOOKING,135.16,6,CONFIRMED
BK-01400,2025-05-20,2025-05-21,dob-001,2,DIRECT,138.62,0,CONFIRMED
BK-01401,2025-05-20,2025-05-23,sup-001,2,DIRECT,187.6,15,NO_SHOW
BK-01402,2025-05-20,2025-05-21,dob-001,1,BOOKING,128.1,7,CONFIRMED
BK-01403,2025-05-21,2025-05-24,dob-001,1,BOOKING,136.23,0,CONFIRMED
BK-01404,2025-05-21,2025-05-23,sui-001,3,EXPEDIA,233.71,18,CONFIRMED
BK-01405,2025-05-21,2025-05-23,dob-001,2,DIRECT,143.23,12,CONFIRMED
BK-01406,2025-05-21,2025-05-22,dob-001,2,EXPEDIA,134.21,17,CONFIRMED
BK-01407,2025-05-21,2025-05-23,dob-001,2,DIRECT,143.48,14,CONFIRMED
BK-01408,2025-05-21,2025-05-22,dob-001,2,BOOKING,125.96,8,CONFIRMED
BK-01409,2025-05-21,2025-05-25,sui-001,3,BOOKING,239.22,13,CONFIRMED
BK-01410,2025-05-21,2025-05-22,dob-001,1,EXPEDIA,134.06,6,CONFIRMED
BK-01411,2025-05-22,2025-05-24,dob-001,2,DIRECT,139.75,4,CONFIRMED
BK-01412,2025-05-22,2025-05-25,dob-001,1,BOOKING,134.1,18,CONFIRMED
BK-01413,2025-05-22,2025-05-26,sup-001,2,EXPEDIA,167.91,0,CONFIRMED
BK-01414,2025-05-22,2025-05-23,sup-001,2,DIRECT,176.71,22,CONFIRMED
BK-01415,2025-05-22,2025-05-26,dob-001,2,BOOKING,128.52,11,NO_SHOW
BK-01416,2025-05-22,2025-05-23,sui-001,3,AIRBNB,209.89,0,CONFIRMED
BK-01417,2025-05-22,2025-05-23,sup-001,1,EXPEDIA,177.72,0,CONFIRMED
BK-01418,2025-05-22,2025-05-24,dob-001,2,BOOKING,128.04,0,CONFIRMED
BK-01419,2025-05-23,2025-05-24,dob-001,1,DIRECT,170.23,21,CONFIRMED
BK-01420,2025-05-23,2025-05-25,sup-001,1,EXPEDIA,218.32,0,CONFIRMED
BK-01421,2025-05-23,2025-05-24,dob-001,1,BOOKING,164.94,11,CONFIRMED
BK-01422,2025-05-23,2025-05-26,dob-001,2,BOOKING,164.55,0,CONFIRMED
BK-01423,2025-05-23,2025-05-24,sup-001,2,DIRECT,233.27,17,CONFIRMED
BK-01424,2025-05-23,2025-05-24,dob-001,2,DIRECT,170.79,15,CONFIRMED
BK-01425,2025-05-23,2025-05-27,sui-001,3,DIRECT,294.29,32,CONFIRMED
BK-01426,2025-05-23,2025-05-26,sup-001,2,AIRBNB,190.71,0,CONFIRMED
BK-01427,2025-05-23,2025-05-24,sup-001,2,BOOKING,205.03,22,CONFIRMED
BK-01428,2025-05-23,2025-05-25,dob-001,2,DIRECT,183.08,15,CONFIRMED
BK-01429,2025-05-23,2025-05-26,sup-001,1,DIRECT,232.89,26,CANCELLED
BK-01430,2025-05-23,2025-05-28,dob-001,2,AIRBNB,148.01,5,CONFIRMED
BK-01431,2025-05-23,2025-05-27,sup-001,1,DIRECT,225.31,0,CONFIRMED
BK-01432,2025-05-24,2025-05-27,dob-001,1,AIRBNB,158.72,13,CONFIRMED
BK-01433,2025-05-24,2025-05-26,sup-001,2,AIRBNB,204.85,10,CONFIRMED
BK-01434,2025-05-24,2025-05-25,sup-001,1,BOOKING,218.4,12,CONFIRMED
BK-01435,2025-05-24,2025-05-25,sui-001,2,DIRECT,298.97,15,CONFIRMED
BK-01436,2025-05-24,2025-05-27,sup-001,2,EXPEDIA,199.87,27,NO_SHOW
BK-01437,2025-05-24,2025-05-27,sup-001,1,DIRECT,230.38,22,CONFIRMED
BK-01438,2025-05-24,2025-05-25,dob-001,2,BOOKING,155.74,16,CONFIRMED
BK-01439,2025-05-24,2025-05-26,dob-001,2,BOOKING,166.09,20,CONFIRMED
BK-01440,2025-05-24,2025-05-26,sui-001,3,DIRECT,300.21,10,CONFIRMED
BK-01441,2025-05-24,2025-05-26,sup-001,2,DIRECT,220.14,8,CONFIRMED
BK-01442,2025-05-24,2025-05-29,dob-001,2,DIRECT,173.39,8,CONFIRMED
BK-01443,2025-05-24,2025-05-25,sup-001,2,AIRBNB,199.53,9,CONFIRMED
BK-01444,2025-05-24,2025-05-25,dob-001,2,BOOKING,159.03,15,CONFIRMED
BK-01445,2025-05-25,2025-05-27,sup-001,2,AIRBNB,160.86,8,CONFIRMED
BK-01446,2025-05-25,2025-05-26,dob-001,1,BOOKING,133.44,11,CONFIRMED
BK-01447,2025-05-25,2025-05-29,sui-001,3,AIRBNB,226.68,7,CONFIRMED
BK-01448,2025-05-25,2025-05-26,dob-001,2,EXPEDIA,126.84,0,CONFIRMED
BK-01449,2025-05-25,2025-05-27,dob-001,2,EXPEDIA,132.9,0,CANCELLED
BK-01450,2025-05-25,2025-05-26,dob-001,2,BOOKING,127.14,9,CANCELLED
BK-01451,2025-05-25,2025-05-27,dob-001,1,AIRBNB,124.08,0,CONFIRMED
BK-01452,2025-05-25,2025-05-26,sup-001,2,EXPEDIA,172.34,5,CONFIRMED
BK-01453,2025-05-26,2025-05-28,dob-001,1,DIRECT,142.08,0,CONFIRMED
BK-01454,2025-05-26,2025-05-28,sui-001,2,EXPEDIA,241.14,8,CONFIRMED
BK-01455,2025-05-26,2025-05-28,dob-001,1,DIRECT,147.82,7,CONFIRMED
BK-01456,2025-05-26,2025-05-28,dob-001,2,DIRECT,137.06,1,CONFIRMED
BK-01457,2025-05-26,2025-05-28,dob-001,2,AIRBNB,128.09,6,CONFIRMED
BK-01458,2025-05-26,2025-05-27,dob-001,2,EXPEDIA,134.88,4,CONFIRMED
BK-01459,2025-05-26,2025-05-27,sup-001,2,DIRECT,181.77,7,CONFIRMED
BK-01460,2025-05-26,2025-05-27,sui-001,3,BOOKING,226.99,13,CONFIRMED
BK-01461,2025-05-27,2025-05-28,sup-001,2,BOOKING,164.71,16,CONFIRMED
BK-01462,2025-05-27,2025-05-31,dob-001,1,AIRBNB,129.26,5,CONFIRMED
BK-01463,2025-05-27,2025-05-29,dob-001,2,BOOKING,125.83,9,CONFIRMED
BK-01464,2025-05-27,2025-05-28,sup-001,1,AIRBNB,169.03,19,CONFIRMED
BK-01465,2025-05-27,2025-05-29,dob-001,2,BOOKING,132.37,5,CONFIRMED
BK-01466,2025-05-27,2025-05-29,dob-001,2,BOOKING,136.44,0,CONFIRMED
BK-01467,2025-05-27,2025-05-28,dob-001,2,DIRECT,137.08,0,CONFIRMED
BK-01468,2025-05-27,2025-05-29,dob-001,1,AIRBNB,125.47,10,CONFIRMED
BK-01469,2025-05-28,2025-05-30,sui-001,2,BOOKING,222.34,0,CONFIRMED
BK-01470,2025-05-28,2025-05-30,dob-001,2,BOOKING,128.84,1,CONFIRMED
BK-01471,2025-05-28,2025-05-29,dob-001,2,DIRECT,146.45,0,NO_SHOW
BK-01472,2025-05-28,2025-05-31,sui-001,1,DIRECT,250.84,2,CONFIRMED
BK-01473,2025-05-28,2025-05-30,sui-001,1,DIRECT,240.31,0,CONFIRMED
BK-01474,2025-05-28,2025-05-31,sui-001,2,AIRBNB,220.7,0,CONFIRMED
BK-01475,2025-05-28,2025-05-29,sup-001,2,AIRBNB,154.61,0,CONFIRMED
BK-01476,2025-05-28,2025-05-29,sup-001,2,BOOKING,176.21,0,CONFIRMED
BK-01477,2025-05-29,2025-05-31,dob-001,1,DIRECT,136.63,21,CONFIRMED
BK-01478,2025-05-29,2025-05-31,sui-001,2,BOOKING,229.58,0,CONFIRMED
BK-01479,2025-05-29,2025-05-31,dob-001,1,AIRBNB,130.38,2,CONFIRMED
BK-01480,2025-05-29,2025-06-01,sup-001,2,BOOKING,165.02,14,CONFIRMED
BK-01481,2025-05-29,2025-06-01,dob-001,2,EXPEDIA,133.52,0,CONFIRMED
BK-01482,2025-05-29,2025-05-30,dob-001,1,DIRECT,148.05,5,CONFIRMED
BK-01483,2025-05-29,2025-06-01,dob-001,2,AIRBNB,121.72,5,CANCELLED
BK-01484,2025-05-29,2025-05-31,sui-001,3,DIRECT,250.47,3,CANCELLED
BK-01485,2025-05-30,2025-05-31,sup-001,1,EXPEDIA,214.93,26,CONFIRMED
BK-01486,2025-05-30,2025-06-02,dob-001,1,DIRECT,181.69,9,CONFIRMED
BK-01487,2025-05-30,2025-05-31,dob-001,2,DIRECT,173.06,13,NO_SHOW
BK-01488,2025-05-30,2025-06-01,dob-001,1,EXPEDIA,158.98,9,CONFIRMED
BK-01489,2025-05-30,2025-06-01,sup-001,2,EXPEDIA,219.14,23,CONFIRMED
BK-01490,2025-05-30,2025-05-31,sup-001,2,EXPEDIA,200.3,9,CONFIRMED
BK-01491,2025-05-30,2025-05-31,sup-001,2,DIRECT,218.95,10,CANCELLED
BK-01492,2025-05-30,2025-06-01,sup-001,1,DIRECT,237.09,7,CONFIRMED
BK-01493,2025-05-30,2025-06-01,sui-001,1,DIRECT,304.84,15,CONFIRMED
BK-01494,2025-05-30,2025-05-31,dob-001,2,BOOKING,165.18,20,CONFIRMED
BK-01495,2025-05-30,2025-05-31,dob-001,1,DIRECT,173.12,16,CONFIRMED
BK-01496,2025-05-30,2025-05-31,dob-001,2,DIRECT,171.9,4,CONFIRMED
BK-01497,2025-05-30,2025-05-31,sui-001,1,EXPEDIA,290.2,11,CONFIRMED
BK-01498,2025-05-31,2025-06-02,sup-001,2,BOOKING,208.21,18,CONFIRMED
BK-01499,2025-05-31,2025-06-01,dob-001,2,BOOKING,158.75,29,CONFIRMED
BK-01500,2025-05-31,2025-06-01,dob-001,1,BOOKING,158.86,20,CANCELLED
BK-01501,2025-05-31,2025-06-01,sup-001,2,EXPEDIA,203.88,8,CONFIRMED
BK-01502,2025-05-31,2025-06-04,sup-001,2,BOOKING,199.97,11,CONFIRMED
BK-01503,2025-05-31,2025-06-03,sup-001,2,DIRECT,230.38,15,CANCELLED
BK-01504,2025-05-31,2025-06-01,dob-001,1,DIRECT,181.95,1,CONFIRMED
BK-01505,2025-05-31,2025-06-03,dob-001,1,AIRBNB,147.33,11,CONFIRMED
BK-01506,2025-05-31,2025-06-04,dob-001,1,DIRECT,169.61,0,CONFIRMED
BK-01507,2025-05-31,2025-06-01,dob-001,1,EXPEDIA,165.15,26,CONFIRMED
BK-01508,2025-05-31,2025-06-02,dob-001,1,DIRECT,179.53,26,CONFIRMED
BK-01509,2025-05-31,2025-06-01,sup-001,2,DIRECT,233.5,23,CONFIRMED
BK-01510,2025-05-31,2025-06-02,dob-001,1,DIRECT,167.26,27,CONFIRMED
BK-01511,2025-06-01,2025-06-02,dob-001,2,DIRECT,135.65,6,CONFIRMED
BK-01512,2025-06-01,2025-06-03,sup-001,2,AIRBNB,140.14,9,CONFIRMED
BK-01513,2025-06-01,2025-06-02,dob-001,2,BOOKING,118.77,10,CONFIRMED
BK-01514,2025-06-01,2025-06-02,dob-001,2,BOOKING,123.72,25,CONFIRMED
BK-01515,2025-06-01,2025-06-02,sui-001,3,DIRECT,229.44,7,CONFIRMED
BK-01516,2025-06-01,2025-06-03,dob-001,1,BOOKING,117.02,10,CONFIRMED
BK-01517,2025-06-01,2025-06-02,dob-001,1,DIRECT,132.07,6,CONFIRMED
BK-01518,2025-06-01,2025-06-03,sup-001,2,BOOKING,152.24,7,CONFIRMED
BK-01519,2025-06-02,2025-06-04,sup-001,2,AIRBNB,145.42,15,CONFIRMED
BK-01520,2025-06-02,2025-06-03,sup-001,1,EXPEDIA,162.31,13,CONFIRMED
BK-01521,2025-06-02,2025-06-03,dob-001,2,DIRECT,128.3,6,CONFIRMED
BK-01522,2025-06-02,2025-06-03,dob-001,2,DIRECT,129.89,0,CONFIRMED
BK-01523,2025-06-02,2025-06-03,sup-001,1,EXPEDIA,158.32,9,CONFIRMED
BK-01524,2025-06-02,2025-06-03,dob-001,2,BOOKING,122.64,16,CANCELLED
BK-01525,2025-06-02,2025-06-03,sui-001,3,BOOKING,200.91,3,CONFIRMED
BK-01526,2025-06-02,2025-06-03,sui-001,3,DIRECT,222.97,9,CONFIRMED
BK-01527,2025-06-03,2025-06-05,dob-001,1,DIRECT,135.15,8,CONFIRMED
BK-01528,2025-06-03,2025-06-06,dob-001,2,AIRBNB,115.42,16,CONFIRMED
BK-01529,2025-06-03,2025-06-04,dob-001,2,BOOKING,117.36,13,CONFIRMED
BK-01530,2025-06-03,2025-06-04,dob-001,2,EXPEDIA,117.96,16,CONFIRMED
BK-01531,2025-06-03,2025-06-05,sup-001,2,DIRECT,161.84,3,CONFIRMED
BK-01532,2025-06-03,2025-06-08,sup-001,2,DIRECT,161.79,0,CONFIRMED
BK-01533,2025-06-03,2025-06-04,sui-001,1,AIRBNB,196.05,0,CONFIRMED
BK-01534,2025-06-03,2025-06-04,dob-001,1,BOOKING,119.69,10,CONFIRMED
BK-01535,2025-06-04,2025-06-06,dob-001,2,BOOKING,124.0,23,CONFIRMED
BK-01536,2025-06-04,2025-06-07,sup-001,2,BOOKING,157.87,2,CONFIRMED
BK-01537,2025-06-04,2025-06-05,sup-001,1,DIRECT,171.22,0,CONFIRMED
BK-01538,2025-06-04,2025-06-06,dob-001,2,AIRBNB,110.34,9,CONFIRMED
BK-01539,2025-06-04,2025-06-05,sup-001,2,BOOKING,152.97,5,CONFIRMED
BK-01540,2025-06-04,2025-06-08,dob-001,1,BOOKING,119.74,9,CONFIRMED
BK-01541,2025-06-04,2025-06-06,dob-001,2,DIRECT,135.14,13,CANCELLED
BK-01542,2025-06-04,2025-06-06,sui-001,2,BOOKING,215.26,0,CONFIRMED
BK-01543,2025-06-05,2025-06-06,sup-001,2,DIRECT,161.23,5,CONFIRMED
BK-01544,2025-06-05,2025-06-08,dob-001,2,DIRECT,124.38,0,CONFIRMED
BK-01545,2025-06-05,2025-06-10,dob-001,2,DIRECT,127.22,14,CONFIRMED
BK-01546,2025-06-05,2025-06-08,sup-001,2,BOOKING,161.83,0,CONFIRMED
BK-01547,2025-06-05,2025-06-08,dob-001,1,EXPEDIA,115.01,0,CONFIRMED
BK-01548,2025-06-05,2025-06-06,dob-001,2,DIRECT,132.8,6,CONFIRMED
BK-01549,2025-06-05,2025-06-06,sui-001,2,DIRECT,228.3,0,CONFIRMED
BK-01550,2025-06-05,2025-06-06,dob-001,2,DIRECT,130.78,2,CONFIRMED
BK-01551,2025-06-06,2025-06-08,sui-001,2,EXPEDIA,252.17,28,CONFIRMED
BK-01552,2025-06-06,2025-06-08,sui-001,2,AIRBNB,236.76,21,CONFIRMED
BK-01553,2025-06-06,2025-06-08,dob-001,1,DIRECT,165.79,14,CONFIRMED
BK-01554,2025-06-06,2025-06-07,dob-001,1,EXPEDIA,149.0,20,CONFIRMED
BK-01555,2025-06-06,2025-06-08,dob-001,2,BOOKING,146.15,32,CONFIRMED
BK-01556,2025-06-06,2025-06-07,dob-001,1,EXPEDIA,152.22,18,CONFIRMED
BK-01557,2025-06-06,2025-06-08,dob-001,2,BOOKING,144.27,28,CONFIRMED
BK-01558,2025-06-06,2025-06-07,dob-001,2,DIRECT,153.92,23,CONFIRMED
BK-01559,2025-06-06,2025-06-07,sup-001,2,BOOKING,198.01,9,CONFIRMED
BK-01560,2025-06-06,2025-06-07,dob-001,2,DIRECT,166.26,0,CONFIRMED
BK-01561,2025-06-06,2025-06-08,dob-001,1,DIRECT,158.63,1,CONFIRMED
BK-01562,2025-06-06,2025-06-09,dob-001,1,DIRECT,162.52,17,CONFIRMED
BK-01563,2025-06-06,2025-06-11,dob-001,2,AIRBNB,144.3,3,CANCELLED
BK-01564,2025-06-07,2025-06-08,sui-001,2,DIRECT,290.22,13,CANCELLED
BK-01565,2025-06-07,2025-06-11,sui-001,3,DIRECT,292.27,20,CONFIRMED
BK-01566,2025-06-07,2025-06-08,sui-001,3,EXPEDIA,250.06,20,CONFIRMED
BK-01567,2025-06-07,2025-06-08,dob-001,1,AIRBNB,134.69,14,CONFIRMED
BK-01568,2025-06-07,2025-06-09,dob-001,1,EXPEDIA,145.54,20,CONFIRMED
BK-01569,2025-06-07,2025-06-09,dob-001,2,EXPEDIA,151.73,21,CONFIRMED
BK-01570,2025-06-07,2025-06-08,dob-001,1,EXPEDIA,153.72,0,CONFIRMED
BK-01571,2025-06-07,2025-06-09,sui-001,2,BOOKING,260.96,0,CONFIRMED
BK-01572,2025-06-07,2025-06-09,dob-001,1,EXPEDIA,152.62,15,CONFIRMED
BK-01573,2025-06-07,2025-06-09,sup-001,2,AIRBNB,180.24,16,CONFIRMED
BK-01574,2025-06-07,2025-06-09,dob-001,1,BOOKING,152.59,20,CONFIRMED
BK-01575,2025-06-07,2025-06-11,dob-001,1,BOOKING,141.67,19,CONFIRMED
BK-01576,2025-06-07,2025-06-08,sup-001,2,AIRBNB,178.13,4,CONFIRMED
BK-01577,2025-06-08,2025-06-09,sup-001,2,BOOKING,151.95,0,CANCELLED
BK-01578,2025-06-08,2025-06-10,dob-001,2,BOOKING,118.47,13,CONFIRMED
BK-01579,2025-06-08,2025-06-09,dob-001,1,BOOKING,118.6,15,CONFIRMED
BK-01580,2025-06-08,2025-06-09,sup-001,2,DIRECT,162.34,5,CONFIRMED
BK-01581,2025-06-08,2025-06-10,sup-001,1,BOOKING,152.94,12,CONFIRMED
BK-01582,2025-06-08,2025-06-10,sui-001,2,DIRECT,234.04,12,CONFIRMED
BK-01583,2025-06-08,2025-06-09,dob-001,1,BOOKING,118.29,0,CONFIRMED
BK-01584,2025-06-08,2025-06-10,dob-001,1,DIRECT,132.54,0,CONFIRMED
BK-01585,2025-06-09,2025-06-10,sup-001,2,DIRECT,173.01,7,CONFIRMED
BK-01586,2025-06-09,2025-06-11,sup-001,1,BOOKING,149.52,20,CONFIRMED
BK-01587,2025-06-09,2025-06-11,sui-001,2,AIRBNB,204.47,21,NO_SHOW
BK-01588,2025-06-09,2025-06-10,dob-001,1,AIRBNB,118.37,14,CONFIRMED
BK-01589,2025-06-09,2025-06-10,sui-001,2,DIRECT,234.83,4,CONFIRMED
BK-01590,2025-06-09,2025-06-11,dob-001,2,BOOKING,119.24,14,CONFIRMED
BK-01591,2025-06-09,2025-06-11,sup-001,2,DIRECT,163.59,15,CONFIRMED
BK-01592,2025-06-09,2025-06-10,dob-001,1,BOOKING,121.19,1,CONFIRMED
BK-01593,2025-06-10,2025-06-11,sui-001,1,DIRECT,231.61,12,CONFIRMED
BK-01594,2025-06-10,2025-06-12,sui-001,2,BOOKING,219.03,9,CONFIRMED
BK-01595,2025-06-10,2025-06-11,dob-001,2,DIRECT,132.16,6,CONFIRMED
BK-01596,2025-06-10,2025-06-11,sup-001,2,DIRECT,169.6,2,CANCELLED
BK-01597,2025-06-10,2025-06-11,sup-001,2,DIRECT,170.32,5,CONFIRMED
BK-01598,2025-06-10,2025-06-12,dob-001,1,DIRECT,136.03,12,CONFIRMED
BK-01599,2025-06-10,2025-06-15,dob-001,2,BOOKING,121.29,10,CONFIRMED
BK-01600,2025-06-10,2025-06-11,sui-001,3,DIRECT,219.51,5,CONFIRMED
BK-01601,2025-06-11,2025-06-13,dob-001,2,EXPEDIA,121.19,7,CONFIRMED
BK-01602,2025-06-11,2025-06-12,dob-001,2,DIRECT,132.99,0,CANCELLED
BK-01603,2025-06-11,2025-06-13,dob-001,2,BOOKING,119.39,0,CONFIRMED
BK-01604,2025-06-11,2025-06-12,sui-001,2,DIRECT,225.98,9,CONFIRMED
BK-01605,2025-06-11,2025-06-14,dob-001,2,BOOKING,121.43,0,CANCELLED
BK-01606,2025-06-11,2025-06-13,dob-001,2,AIRBNB,119.08,12,CONFIRMED
BK-01607,2025-06-11,2025-06-12,dob-001,2,BOOKING,124.6,0,CONFIRMED
BK-01608,2025-06-11,2025-06-13,sup-001,2,AIRBNB,145.32,15,CONFIRMED
BK-01609,2025-06-12,2025-06-13,sui-001,3,AIRBNB,193.65,3,CONFIRMED
BK-01610,2025-06-12,2025-06-13,dob-001,2,BOOKING,125.67,21,CONFIRMED
BK-01611,2025-06-12,2025-06-13,dob-001,1,BOOKING,125.55,11,CANCELLED
BK-01612,2025-06-12,2025-06-13,dob-001,2,EXPEDIA,124.35,13,NO_SHOW
BK-01613,2025-06-12,2025-06-13,dob-001,2,DIRECT,130.04,8,CONFIRMED
BK-01614,2025-06-12,2025-06-14,dob-001,1,EXPEDIA,123.87,0,CONFIRMED
BK-01615,2025-06-12,2025-06-13,sup-001,2,EXPEDIA,149.51,3,CONFIRMED
BK-01616,2025-06-12,2025-06-15,dob-001,1,EXPEDIA,118.95,8,CONFIRMED
BK-01617,2025-06-13,2025-06-16,dob-001,1,EXPEDIA,153.74,11,CONFIRMED
BK-01618,2025-06-13,2025-06-14,dob-001,1,DIRECT,164.26,10,CONFIRMED
BK-01619,2025-06-13,2025-06-15,sup-001,2,BOOKING,188.49,12,CONFIRMED
BK-01620,2025-06-13,2025-06-14,dob-001,1,AIRBNB,140.1,20,CONFIRMED
BK-01621,2025-06-13,2025-06-14,dob-001,2,EXPEDIA,149.86,11,CONFIRMED
BK-01622,2025-06-13,2025-06-14,dob-001,2,DIRECT,163.2,23,CONFIRMED
BK-01623,2025-06-13,2025-06-19,sup-001,2,BOOKING,197.69,10,CONFIRMED
BK-01624,2025-06-13,2025-06-14,dob-001,2,AIRBNB,140.8,18,CONFIRMED
BK-01625,2025-06-13,2025-06-16,dob-001,2,DIRECT,156.13,11,CONFIRMED
BK-01626,2025-06-13,2025-06-15,sup-001,2,BOOKING,198.84,20,CONFIRMED
BK-01627,2025-06-13,2025-06-16,sui-001,3,EXPEDIA,262.97,14,CONFIRMED
BK-01628,2025-06-13,2025-06-14,dob-001,1,DIRECT,160.22,20,CONFIRMED
BK-01629,2025-06-13,2025-06-16,sup-001,1,AIRBNB,185.76,14,CONFIRMED
BK-01630,2025-06-14,2025-06-16,sup-001,2,DIRECT,196.75,21,CONFIRMED
BK-01631,2025-06-14,2025-06-16,sup-001,1,DIRECT,206.7,33,CONFIRMED
BK-01632,2025-06-14,2025-06-15,dob-001,2,BOOKING,148.39,22,CONFIRMED
BK-01633,2025-06-14,2025-06-15,sup-001,1,BOOKING,191.77,19,CONFIRMED
BK-01634,2025-06-14,2025-06-16,dob-001,2,BOOKING,142.1,17,CONFIRMED
BK-01635,2025-06-14,2025-06-16,sui-001,3,DIRECT,286.53,13,CONFIRMED
BK-01636,2025-06-14,2025-06-16,sup-001,2,DIRECT,215.55,14,CONFIRMED
BK-01637,2025-06-14,2025-06-17,dob-001,1,DIRECT,167.29,10,CONFIRMED
BK-01638,2025-06-14,2025-06-16,sui-001,3,DIRECT,270.0,24,CONFIRMED
BK-01639,2025-06-14,2025-06-15,dob-001,2,DIRECT,154.6,5,CONFIRMED
BK-01640,2025-06-14,2025-06-16,sup-001,2,DIRECT,206.86,4,CONFIRMED
BK-01641,2025-06-14,2025-06-15,dob-001,2,BOOKING,152.07,23,CONFIRMED
BK-01642,2025-06-14,2025-06-16,sui-001,3,DIRECT,283.71,28,NO_SHOW
BK-01643,2025-06-15,2025-06-17,sup-001,2,DIRECT,169.53,10,CONFIRMED
BK-01644,2025-06-15,2025-06-16,dob-001,2,EXPEDIA,124.66,2,CONFIRMED
BK-01645,2025-06-15,2025-06-17,dob-001,2,BOOKING,129.36,13,CONFIRMED
BK-01646,2025-06-15,2025-06-17,dob-001,2,DIRECT,134.36,0,CONFIRMED
BK-01647,2025-06-15,2025-06-17,dob-001,2,DIRECT,140.93,8,CONFIRMED
BK-01648,2025-06-15,2025-06-16,dob-001,2,DIRECT,135.67,15,CONFIRMED
BK-01649,2025-06-15,2025-06-16,sui-001,3,EXPEDIA,222.85,1,CANCELLED
BK-01650,2025-06-15,2025-06-16,dob-001,1,BOOKING,131.34,7,CONFIRMED
BK-01651,2025-06-16,2025-06-17,dob-001,1,EXPEDIA,119.94,3,CONFIRMED
BK-01652,2025-06-16,2025-06-17,dob-001,1,DIRECT,137.75,9,CONFIRMED
BK-01653,2025-06-16,2025-06-18,dob-001,1,DIRECT,137.06,18,CONFIRMED
BK-01654,2025-06-16,2025-06-19,dob-001,2,AIRBNB,114.34,12,CONFIRMED
BK-01655,2025-06-16,2025-06-18,dob-001,2,DIRECT,127.83,6,CONFIRMED
BK-01656,2025-06-16,2025-06-17,dob-001,2,BOOKING,124.64,18,CONFIRMED
BK-01657,2025-06-16,2025-06-18,sui-001,2,DIRECT,241.71,0,CONFIRMED
BK-01658,2025-06-16,2025-06-18,dob-001,2,BOOKING,130.18,6,CONFIRMED
BK-01659,2025-06-17,2025-06-19,sup-001,2,EXPEDIA,166.12,15,CONFIRMED
BK-01660,2025-06-17,2025-06-19,sup-001,1,BOOKING,164.34,2,CONFIRMED
BK-01661,2025-06-17,2025-06-19,sup-001,2,DIRECT,176.46,0,CONFIRMED
BK-01662,2025-06-17,2025-06-18,dob-001,1,BOOKING,116.67,5,CONFIRMED
BK-01663,2025-06-17,2025-06-18,dob-001,1,DIRECT,134.56,3,CONFIRMED
BK-01664,2025-06-17,2025-06-19,sup-001,2,BOOKING,152.82,13,CONFIRMED
BK-01665,2025-06-17,2025-06-18,sup-001,1,DIRECT,171.67,13,CONFIRMED
BK-01666,2025-06-17,2025-06-18,sui-001,2,DIRECT,227.09,0,CONFIRMED
BK-01667,2025-06-18,2025-06-19,dob-001,1,AIRBNB,114.12,16,CONFIRMED
BK-01668,2025-06-18,2025-06-19,sui-001,3,BOOKING,208.96,18,CONFIRMED
BK-01669,2025-06-18,2025-06-19,dob-001,1,DIRECT,135.91,10,CONFIRMED
BK-01670,2025-06-18,2025-06-19,sup-001,1,EXPEDIA,157.74,9,CONFIRMED
BK-01671,2025-06-18,2025-06-19,sup-001,2,DIRECT,162.05,3,CONFIRMED
BK-01672,2025-06-18,2025-06-19,dob-001,2,EXPEDIA,119.1,11,CONFIRMED
BK-01673,2025-06-18,2025-06-21,sui-001,3,BOOKING,214.53,9,CONFIRMED
BK-01674,2025-06-18,2025-06-20,dob-001,1,AIRBNB,112.78,6,CONFIRMED
BK-01675,2025-06-19,2025-06-20,dob-001,1,BOOKING,172.1,36,CONFIRMED
BK-01676,2025-06-19,2025-06-22,sup-001,2,EXPEDIA,224.54,21,CONFIRMED
BK-01677,2025-06-19,2025-06-23,dob-001,2,AIRBNB,164.32,57,CONFIRMED
BK-01678,2025-06-19,2025-06-21,dob-001,2,DIRECT,189.84,73,CANCELLED
BK-01679,2025-06-19,2025-06-21,dob-001,2,DIRECT,185.58,68,CONFIRMED
BK-01680,2025-06-19,2025-06-21,dob-001,1,BOOKING,187.15,21,CONFIRMED
BK-01681,2025-06-19,2025-06-24,dob-001,2,DIRECT,187.29,56,NO_SHOW
BK-01682,2025-06-19,2025-06-21,sup-001,2,DIRECT,241.76,30,CANCELLED
BK-01683,2025-06-19,2025-06-20,sup-001,2,BOOKING,225.44,44,CONFIRMED
BK-01684,2025-06-19,2025-06-20,dob-001,1,AIRBNB,164.07,15,CONFIRMED
BK-01685,2025-06-19,2025-06-22,dob-001,1,DIRECT,203.61,37,CONFIRMED
BK-01686,2025-06-19,2025-06-21,sup-001,2,BOOKING,223.94,33,CONFIRMED
BK-01687,2025-06-19,2025-06-21,dob-001,2,BOOKING,171.86,57,CONFIRMED
BK-01688,2025-06-19,2025-06-20,dob-001,1,DIRECT,187.83,36,CONFIRMED
BK-01689,2025-06-19,2025-06-21,dob-001,1,BOOKING,179.14,53,CONFIRMED
BK-01690,2025-06-20,2025-06-22,dob-001,1,BOOKING,227.71,27,CONFIRMED
BK-01691,2025-06-20,2025-06-21,sui-001,2,AIRBNB,374.69,26,CONFIRMED
BK-01692,2025-06-20,2025-06-21,sup-001,1,BOOKING,290.52,46,CONFIRMED
BK-01693,2025-06-20,2025-06-21,sui-001,2,DIRECT,434.77,33,CONFIRMED
BK-01694,2025-06-20,2025-06-21,dob-001,1,AIRBNB,210.77,41,CONFIRMED
BK-01695,2025-06-20,2025-06-24,dob-001,1,AIRBNB,215.59,45,CONFIRMED
BK-01696,2025-06-20,2025-06-22,dob-001,2,DIRECT,246.69,47,CONFIRMED
BK-01697,2025-06-20,2025-06-21,dob-001,2,AIRBNB,213.5,52,CONFIRMED
BK-01698,2025-06-20,2025-06-23,sup-001,1,EXPEDIA,289.58,50,CANCELLED
BK-01699,2025-06-20,2025-06-21,sui-001,3,AIRBNB,383.19,77,CONFIRMED
BK-01700,2025-06-20,2025-06-21,dob-001,1,AIRBNB,211.85,21,CONFIRMED
BK-01701,2025-06-20,2025-06-24,dob-001,2,BOOKING,228.91,37,CONFIRMED
BK-01702,2025-06-20,2025-06-23,sup-001,1,AIRBNB,276.09,49,CONFIRMED
BK-01703,2025-06-20,2025-06-21,dob-001,1,EXPEDIA,213.41,39,CANCELLED
BK-01704,2025-06-20,2025-06-24,sup-001,2,DIRECT,317.42,76,CONFIRMED
BK-01705,2025-06-21,2025-06-22,dob-001,1,DIRECT,234.68,23,CONFIRMED
BK-01706,2025-06-21,2025-06-23,dob-001,1,BOOKING,230.86,48,CANCELLED
BK-01707,2025-06-21,2025-06-22,dob-001,1,AIRBNB,212.46,57,CONFIRMED
BK-01708,2025-06-21,2025-06-23,sui-001,3,EXPEDIA,372.68,55,CONFIRMED
BK-01709,2025-06-21,2025-06-23,sui-001,2,BOOKING,406.06,30,CONFIRMED
BK-01710,2025-06-21,2025-06-23,dob-001,1,AIRBNB,205.95,20,CONFIRMED
BK-01711,2025-06-21,2025-06-23,dob-001,2,BOOKING,228.55,51,NO_SHOW
BK-01712,2025-06-21,2025-06-23,dob-001,2,BOOKING,227.99,48,CONFIRMED
BK-01713,2025-06-21,2025-06-23,sup-001,2,EXPEDIA,289.35,58,CONFIRMED
BK-01714,2025-06-21,2025-06-23,sup-001,2,AIRBNB,279.3,38,CONFIRMED
BK-01715,2025-06-21,2025-06-23,dob-001,2,AIRBNB,216.74,44,CONFIRMED
BK-01716,2025-06-21,2025-06-23,sui-001,3,BOOKING,393.05,31,CONFIRMED
BK-01717,2025-06-21,2025-06-23,sup-001,2,DIRECT,322.37,51,CONFIRMED
BK-01718,2025-06-21,2025-06-23,sup-001,1,EXPEDIA,281.97,42,CONFIRMED
BK-01719,2025-06-21,2025-06-22,sui-001,1,BOOKING,399.48,56,CONFIRMED
BK-01720,2025-06-22,2025-06-24,dob-001,1,BOOKING,177.27,44,CONFIRMED
BK-01721,2025-06-22,2025-06-25,sup-001,2,AIRBNB,214.86,43,CONFIRMED
BK-01722,2025-06-22,2025-06-23,sui-001,2,EXPEDIA,314.91,16,CONFIRMED
BK-01723,2025-06-22,2025-06-23,dob-001,2,DIRECT,199.35,55,CONFIRMED
BK-01724,2025-06-22,2025-06-23,sui-001,2,DIRECT,347.01,15,CANCELLED
BK-01725,2025-06-22,2025-06-24,sup-001,2,BOOKING,234.78,47,CONFIRMED
BK-01726,2025-06-22,2025-06-23,sui-001,3,DIRECT,336.69,51,CONFIRMED
BK-01727,2025-06-22,2025-06-23,sui-001,3,AIRBNB,286.75,39,CONFIRMED
BK-01728,2025-06-22,2025-06-23,sui-001,2,DIRECT,332.5,63,CONFIRMED
BK-01729,2025-06-22,2025-06-25,dob-001,1,AIRBNB,162.66,38,CONFIRMED
BK-01730,2025-06-22,2025-06-23,dob-001,2,BOOKING,180.92,36,CONFIRMED
BK-01731,2025-06-22,2025-06-23,sup-001,2,EXPEDIA,238.24,76,CONFIRMED
BK-01732,2025-06-22,2025-06-27,sup-001,1,EXPEDIA,241.8,18,CONFIRMED
BK-01733,2025-06-22,2025-06-23,sui-001,3,BOOKING,307.03,72,CONFIRMED
BK-01734,2025-06-22,2025-06-23,dob-001,2,AIRBNB,170.59,11,CONFIRMED
BK-01735,2025-06-23,2025-06-26,dob-001,2,BOOKING,188.73,33,CONFIRMED
BK-01736,2025-06-23,2025-06-25,dob-001,2,DIRECT,193.16,29,CONFIRMED
BK-01737,2025-06-23,2025-06-24,sui-001,2,BOOKING,303.91,27,CONFIRMED
BK-01738,2025-06-23,2025-06-24,sup-001,2,EXPEDIA,237.8,69,CANCELLED
BK-01739,2025-06-23,2025-06-25,sup-001,2,EXPEDIA,233.39,48,NO_SHOW
BK-01740,2025-06-23,2025-06-24,sup-001,2,BOOKING,224.23,61,CANCELLED
BK-01741,2025-06-23,2025-06-25,dob-001,1,DIRECT,187.01,41,CONFIRMED
BK-01742,2025-06-23,2025-06-25,sui-001,3,BOOKING,307.09,31,CONFIRMED
BK-01743,2025-06-23,2025-06-25,sup-001,1,DIRECT,240.78,37,CONFIRMED
BK-01744,2025-06-23,2025-06-25,sui-001,2,AIRBNB,305.13,45,CONFIRMED
BK-01745,2025-06-23,2025-06-24,dob-001,1,DIRECT,188.27,57,CONFIRMED
BK-01746,2025-06-23,2025-06-24,dob-001,2,AIRBNB,175.31,32,CONFIRMED
BK-01747,2025-06-23,2025-06-24,dob-001,2,BOOKING,188.34,38,CONFIRMED
BK-01748,2025-06-23,2025-06-24,dob-001,1,BOOKING,181.14,51,CANCELLED
BK-01749,2025-06-23,2025-06-27,sui-001,2,DIRECT,352.86,47,CONFIRMED
BK-01750,2025-06-24,2025-06-26,sui-001,3,BOOKING,326.96,58,CONFIRMED
BK-01751,2025-06-24,2025-06-25,dob-001,1,EXPEDIA,187.93,8,CONFIRMED
BK-01752,2025-06-24,2025-06-25,sup-001,2,DIRECT,251.56,36,CONFIRMED
BK-01753,2025-06-24,2025-06-26,sui-001,3,BOOKING,316.51,76,CANCELLED
BK-01754,2025-06-24,2025-06-25,dob-001,2,DIRECT,191.79,31,CONFIRMED
BK-01755,2025-06-24,2025-06-27,dob-001,2,DIRECT,200.44,74,CONFIRMED
BK-01756,2025-06-24,2025-06-26,sui-001,1,EXPEDIA,320.15,28,CONFIRMED
BK-01757,2025-06-24,2025-06-26,dob-001,2,BOOKING,176.77,35,CONFIRMED
BK-01758,2025-06-24,2025-06-25,dob-001,2,AIRBNB,163.86,42,CONFIRMED
BK-01759,2025-06-24,2025-06-25,dob-001,2,BOOKING,184.88,70,CONFIRMED
BK-01760,2025-06-24,2025-06-26,sup-001,2,DIRECT,253.3,43,CONFIRMED
BK-01761,2025-06-24,2025-06-26,sui-001,3,BOOKING,305.18,57,CONFIRMED
BK-01762,2025-06-24,2025-06-25,sui-001,3,EXPEDIA,315.76,48,CONFIRMED
BK-01763,2025-06-24,2025-06-25,dob-001,2,EXPEDIA,183.82,75,CONFIRMED
BK-01764,2025-06-24,2025-06-25,dob-001,2,DIRECT,202.61,35,CONFIRMED
BK-01765,2025-06-25,2025-06-27,dob-001,1,AIRBNB,179.28,56,CONFIRMED
BK-01766,2025-06-25,2025-06-28,sui-001,3,BOOKING,303.71,18,CONFIRMED
BK-01767,2025-06-25,2025-06-27,dob-001,2,AIRBNB,165.95,58,CONFIRMED
BK-01768,2025-06-25,2025-06-27,sui-001,3,DIRECT,337.26,29,CONFIRMED
BK-01769,2025-06-25,2025-06-28,dob-001,2,EXPEDIA,183.53,34,CONFIRMED
BK-01770,2025-06-25,2025-06-27,dob-001,2,DIRECT,202.22,34,CONFIRMED
BK-01771,2025-06-25,2025-06-26,dob-001,2,DIRECT,192.42,30,CONFIRMED
BK-01772,2025-06-25,2025-06-26,dob-001,1,BOOKING,185.81,13,CONFIRMED
BK-01773,2025-06-25,2025-06-29,sui-001,2,BOOKING,302.69,61,CONFIRMED
BK-01774,2025-06-25,2025-06-28,dob-001,2,DIRECT,189.38,44,CONFIRMED
BK-01775,2025-06-25,2025-06-26,sup-001,2,DIRECT,243.29,68,CONFIRMED
BK-01776,2025-06-25,2025-06-26,dob-001,2,BOOKING,188.11,34,CONFIRMED
BK-01777,2025-06-25,2025-06-26,sui-001,2,DIRECT,325.36,52,CONFIRMED
BK-01778,2025-06-25,2025-06-26,dob-001,2,EXPEDIA,172.25,55,CONFIRMED
BK-01779,2025-06-25,2025-06-27,dob-001,1,BOOKING,178.38,66,CANCELLED
BK-01780,2025-06-26,2025-06-28,dob-001,2,DIRECT,187.47,52,CONFIRMED
BK-01781,2025-06-26,2025-06-27,dob-001,2,BOOKING,175.04,45,CONFIRMED
BK-01782,2025-06-26,2025-06-28,sup-001,2,DIRECT,262.08,37,CANCELLED
BK-01783,2025-06-26,2025-06-27,sup-001,2,BOOKING,228.9,36,CONFIRMED
BK-01784,2025-06-26,2025-06-28,sui-001,2,AIRBNB,295.06,26,CONFIRMED
BK-01785,2025-06-26,2025-06-28,dob-001,2,DIRECT,185.09,55,NO_SHOW
BK-01786,2025-06-26,2025-06-27,sup-001,2,BOOKING,226.15,35,CONFIRMED
BK-01787,2025-06-26,2025-06-29,dob-001,2,BOOKING,178.99,23,CONFIRMED
BK-01788,2025-06-26,2025-06-27,dob-001,1,DIRECT,188.68,57,CONFIRMED
BK-01789,2025-06-26,2025-06-27,dob-001,2,DIRECT,195.34,21,CONFIRMED
BK-01790,2025-06-26,2025-06-27,sup-001,1,BOOKING,223.4,23,CONFIRMED
BK-01791,2025-06-26,2025-06-27,sup-001,2,EXPEDIA,233.7,54,CONFIRMED
BK-01792,2025-06-26,2025-06-27,dob-001,1,BOOKING,183.49,48,CONFIRMED
BK-01793,2025-06-26,2025-06-28,dob-001,2,DIRECT,199.88,53,CONFIRMED
BK-01794,2025-06-26,2025-06-27,dob-001,2,BOOKING,187.76,57,CONFIRMED
BK-01795,2025-06-27,2025-07-01,dob-001,2,BOOKING,134.63,6,CONFIRMED
BK-01796,2025-06-27,2025-06-30,dob-001,2,DIRECT,157.78,0,CONFIRMED
BK-01797,2025-06-27,2025-06-28,dob-001,2,DIRECT,156.66,25,CONFIRMED
BK-01798,2025-06-27,2025-06-29,dob-001,1,DIRECT,157.76,6,CONFIRMED
BK-01799,2025-06-27,2025-06-28,dob-001,2,BOOKING,147.24,3,CONFIRMED
BK-01800,2025-06-27,2025-06-30,sup-001,2,AIRBNB,171.39,10,CONFIRMED
BK-01801,2025-06-27,2025-06-28,sup-001,2,BOOKING,187.18,29,CONFIRMED
BK-01802,2025-06-27,2025-06-29,sui-001,3,DIRECT,277.3,15,CANCELLED
BK-01803,2025-06-28,2025-07-01,sup-001,2,AIRBNB,170.51,19,CONFIRMED
BK-01804,2025-06-28,2025-07-04,dob-001,2,EXPEDIA,137.93,20,CANCELLED
BK-01805,2025-06-28,2025-07-02,sup-001,2,DIRECT,194.31,34,CONFIRMED
BK-01806,2025-06-28,2025-07-01,dob-001,1,DIRECT,157.99,16,CONFIRMED
BK-01807,2025-06-28,2025-07-01,dob-001,1,DIRECT,144.71,3,CONFIRMED
BK-01808,2025-06-28,2025-06-30,sup-001,1,BOOKING,174.71,17,CONFIRMED
BK-01809,2025-06-28,2025-06-30,sui-001,1,EXPEDIA,234.38,22,CONFIRMED
BK-01810,2025-06-28,2025-06-30,sup-001,2,DIRECT,201.49,8,CONFIRMED
BK-01811,2025-06-29,2025-06-30,dob-001,2,AIRBNB,112.78,1,CONFIRMED
BK-01812,2025-06-29,2025-06-30,sui-001,2,EXPEDIA,191.79,7,CONFIRMED
BK-01813,2025-06-29,2025-07-02,sup-001,1,DIRECT,163.46,14,CONFIRMED
BK-01814,2025-06-29,2025-06-30,sui-001,3,DIRECT,217.99,17,CONFIRMED
BK-01815,2025-06-29,2025-07-01,dob-001,2,AIRBNB,104.21,7,CONFIRMED
BK-01816,2025-06-29,2025-06-30,sup-001,1,EXPEDIA,153.9,3,CONFIRMED
BK-01817,2025-06-29,2025-07-01,dob-001,1,DIRECT,122.83,3,CONFIRMED
BK-01818,2025-06-29,2025-07-04,dob-001,1,BOOKING,116.01,14,CONFIRMED
BK-01819,2025-06-30,2025-07-01,sui-001,1,DIRECT,216.36,8,CONFIRMED
BK-01820,2025-06-30,2025-07-02,sui-001,1,EXPEDIA,195.94,10,CONFIRMED
BK-01821,2025-06-30,2025-07-01,sui-001,2,BOOKING,198.03,1,CONFIRMED
BK-01822,2025-06-30,2025-07-02,sui-001,3,BOOKING,194.55,6,CANCELLED
BK-01823,2025-06-30,2025-07-01,sup-001,2,DIRECT,152.35,0,CONFIRMED
BK-01824,2025-06-30,2025-07-02,sup-001,2,DIRECT,160.43,0,CONFIRMED
BK-01825,2025-06-30,2025-07-01,sui-001,3,EXPEDIA,198.52,5,CONFIRMED
BK-01826,2025-06-30,2025-07-02,sup-001,2,BOOKING,154.6,20,CONFIRMED
BK-01827,2025-07-01,2025-07-03,dob-001,1,DIRECT,127.39,0,CONFIRMED
BK-01828,2025-07-01,2025-07-03,sui-001,2,AIRBNB,194.27,10,CONFIRMED
BK-01829,2025-07-01,2025-07-02,dob-001,1,DIRECT,117.14,2,NO_SHOW
BK-01830,2025-07-01,2025-07-03,sup-001,2,DIRECT,152.59,1,CONFIRMED
BK-01831,2025-07-01,2025-07-02,dob-001,1,DIRECT,123.73,1,CONFIRMED
BK-01832,2025-07-01,2025-07-03,dob-001,2,EXPEDIA,110.12,23,CANCELLED
BK-01833,2025-07-01,2025-07-02,sui-001,1,AIRBNB,184.51,1,CONFIRMED
BK-01834,2025-07-01,2025-07-04,sui-001,1,BOOKING,192.69,7,CONFIRMED
BK-01835,2025-07-02,2025-07-04,sup-001,1,BOOKING,151.77,4,CONFIRMED
BK-01836,2025-07-02,2025-07-03,sui-001,1,AIRBNB,187.95,18,CONFIRMED
BK-01837,2025-07-02,2025-07-03,dob-001,2,DIRECT,126.65,23,CONFIRMED
BK-01838,2025-07-02,2025-07-04,sup-001,1,DIRECT,156.2,0,CONFIRMED
BK-01839,2025-07-02,2025-07-07,sup-001,2,DIRECT,158.55,10,CONFIRMED
BK-01840,2025-07-02,2025-07-04,dob-001,2,DIRECT,117.97,0,CONFIRMED
BK-01841,2025-07-02,2025-07-04,dob-001,2,AIRBNB,111.45,0,CONFIRMED
BK-01842,2025-07-02,2025-07-03,dob-001,1,EXPEDIA,115.52,10,CONFIRMED
BK-01843,2025-07-03,2025-07-06,dob-001,1,BOOKING,115.19,0,CONFIRMED
BK-01844,2025-07-03,2025-07-06,dob-001,2,BOOKING,109.67,25,CONFIRMED
BK-01845,2025-07-03,2025-07-05,sup-001,2,DIRECT,164.1,8,CONFIRMED
BK-01846,2025-07-03,2025-07-04,dob-001,1,DIRECT,126.35,0,CONFIRMED
BK-01847,2025-07-03,2025-07-05,dob-001,1,AIRBNB,111.1,0,CONFIRMED
BK-01848,2025-07-03,2025-07-04,dob-001,2,DIRECT,118.97,3,CONFIRMED
BK-01849,2025-07-03,2025-07-07,dob-001,2,DIRECT,125.83,2,CONFIRMED
BK-01850,2025-07-03,2025-07-05,sup-001,2,BOOKING,152.2,11,CONFIRMED
BK-01851,2025-07-04,2025-07-05,dob-001,2,BOOKING,135.28,28,CONFIRMED
BK-01852,2025-07-04,2025-07-05,dob-001,2,DIRECT,147.66,19,CANCELLED
BK-01853,2025-07-04,2025-07-09,sup-001,2,DIRECT,196.41,1,CONFIRMED
BK-01854,2025-07-04,2025-07-05,sup-001,2,DIRECT,194.92,14,CONFIRMED
BK-01855,2025-07-04,2025-07-07,dob-001,1,DIRECT,156.88,10,CONFIRMED
BK-01856,2025-07-04,2025-07-05,dob-001,1,DIRECT,157.3,12,CONFIRMED
BK-01857,2025-07-04,2025-07-05,dob-001,2,EXPEDIA,142.83,15,CONFIRMED
BK-01858,2025-07-04,2025-07-06,sup-001,2,DIRECT,197.55,2,CONFIRMED
BK-01859,2025-07-05,2025-07-07,dob-001,1,BOOKING,140.96,17,CONFIRMED
BK-01860,2025-07-05,2025-07-07,sui-001,2,DIRECT,256.42,19,CONFIRMED
BK-01861,2025-07-05,2025-07-07,dob-001,1,DIRECT,144.54,20,CONFIRMED
BK-01862,2025-07-05,2025-07-07,sup-001,2,BOOKING,173.1,19,CONFIRMED
BK-01863,2025-07-05,2025-07-07,sup-001,1,AIRBNB,175.34,13,CONFIRMED
BK-01864,2025-07-05,2025-07-08,sui-001,1,BOOKING,247.43,0,CONFIRMED
BK-01865,2025-07-05,2025-07-06,sui-001,2,BOOKING,245.77,17,CONFIRMED
BK-01866,2025-07-05,2025-07-07,sup-001,2,BOOKING,189.05,22,CONFIRMED
BK-01867,2025-07-06,2025-07-08,dob-001,2,EXPEDIA,108.3,9,CANCELLED
BK-01868,2025-07-06,2025-07-07,dob-001,1,DIRECT,122.44,8,CONFIRMED
BK-01869,2025-07-06,2025-07-10,sup-001,2,DIRECT,157.01,18,CONFIRMED
BK-01870,2025-07-06,2025-07-08,dob-001,1,DIRECT,118.71,4,CONFIRMED
BK-01871,2025-07-06,2025-07-10,dob-001,2,AIRBNB,111.47,0,CONFIRMED
BK-01872,2025-07-06,2025-07-10,sui-001,1,DIRECT,214.5,0,CONFIRMED
BK-01873,2025-07-06,2025-07-08,sui-001,1,DIRECT,209.33,16,CONFIRMED
BK-01874,2025-07-06,2025-07-07,dob-001,2,DIRECT,119.12,11,CONFIRMED
BK-01875,2025-07-07,2025-07-10,dob-001,2,EXPEDIA,110.61,4,CONFIRMED
BK-01876,2025-07-07,2025-07-09,dob-001,1,AIRBNB,111.66,0,CONFIRMED
BK-01877,2025-07-07,2025-07-08,sui-001,3,BOOKING,203.8,3,CONFIRMED
BK-01878,2025-07-07,2025-07-08,sup-001,2,DIRECT,159.74,0,CONFIRMED
BK-01879,2025-07-07,2025-07-10,dob-001,2,EXPEDIA,114.91,2,CONFIRMED
BK-01880,2025-07-07,2025-07-12,dob-001,1,EXPEDIA,118.44,1,CONFIRMED
BK-01881,2025-07-07,2025-07-08,sup-001,1,AIRBNB,141.92,17,CONFIRMED
BK-01882,2025-07-07,2025-07-09,dob-001,2,EXPEDIA,118.77,19,CONFIRMED
BK-01883,2025-07-08,2025-07-09,sui-001,2,DIRECT,225.74,12,CONFIRMED
BK-01884,2025-07-08,2025-07-11,sup-001,2,BOOKING,154.47,0,CONFIRMED
BK-01885,2025-07-08,2025-07-10,dob-001,1,BOOKING,116.1,17,CONFIRMED
BK-01886,2025-07-08,2025-07-10,sup-001,2,DIRECT,165.98,2,CONFIRMED
BK-01887,2025-07-08,2025-07-11,dob-001,1,DIRECT,124.85,7,CONFIRMED
BK-01888,2025-07-08,2025-07-11,dob-001,1,AIRBNB,111.48,3,CONFIRMED
BK-01889,2025-07-08,2025-07-09,dob-001,1,DIRECT,127.12,7,CANCELLED
BK-01890,2025-07-08,2025-07-09,dob-001,1,EXPEDIA,109.68,14,CONFIRMED
BK-01891,2025-07-09,2025-07-11,dob-001,1,DIRECT,121.93,1,CANCELLED
BK-01892,2025-07-09,2025-07-10,sup-001,1,BOOKING,148.57,10,CONFIRMED
BK-01893,2025-07-09,2025-07-11,dob-001,2,DIRECT,125.59,6,CONFIRMED
BK-01894,2025-07-09,2025-07-10,sui-001,1,BOOKING,201.9,8,CONFIRMED
BK-01895,2025-07-09,2025-07-14,dob-001,1,BOOKING,113.71,0,CONFIRMED
BK-01896,2025-07-09,2025-07-10,dob-001,2,EXPEDIA,113.48,8,CANCELLED
BK-01897,2025-07-09,2025-07-10,sup-001,1,AIRBNB,135.92,9,CONFIRMED
BK-01898,2025-07-09,2025-07-10,dob-001,2,DIRECT,128.48,0,CONFIRMED
BK-01899,2025-07-10,2025-07-12,dob-001,2,BOOKING,108.86,16,CONFIRMED
BK-01900,2025-07-10,2025-07-12,sup-001,2,BOOKING,142.28,2,CONFIRMED
BK-01901,2025-07-10,2025-07-11,dob-001,1,DIRECT,117.03,9,CONFIRMED
BK-01902,2025-07-10,2025-07-13,sup-001,2,AIRBNB,135.45,14,CONFIRMED
BK-01903,2025-07-10,2025-07-12,dob-001,1,EXPEDIA,109.46,2,CONFIRMED
BK-01904,2025-07-10,2025-07-12,dob-001,2,AIRBNB,106.86,0,CONFIRMED
BK-01905,2025-07-10,2025-07-11,sup-001,2,BOOKING,143.99,13,CONFIRMED
BK-01906,2025-07-10,2025-07-11,sup-001,1,DIRECT,156.77,11,CANCELLED
BK-01907,2025-07-11,2025-07-14,dob-001,2,AIRBNB,135.62,20,CONFIRMED
BK-01908,2025-07-11,2025-07-17,dob-001,1,BOOKING,144.52,25,CONFIRMED
BK-01909,2025-07-11,2025-07-12,dob-001,1,BOOKING,133.58,24,CONFIRMED
BK-01910,2025-07-11,2025-07-13,dob-001,2,DIRECT,144.23,25,CONFIRMED
BK-01911,2025-07-11,2025-07-12,sui-001,3,AIRBNB,233.0,18,CONFIRMED
BK-01912,2025-07-11,2025-07-12,dob-001,2,BOOKING,135.48,24,CONFIRMED
BK-01913,2025-07-11,2025-07-13,dob-001,1,AIRBNB,130.05,26,CONFIRMED
BK-01914,2025-07-11,2025-07-14,sup-001,1,BOOKING,173.42,12,CONFIRMED
BK-01915,2025-07-12,2025-07-15,dob-001,1,EXPEDIA,141.94,23,CONFIRMED
BK-01916,2025-07-12,2025-07-14,sui-001,2,DIRECT,275.77,9,CONFIRMED
BK-01917,2025-07-12,2025-07-14,sup-001,2,DIRECT,186.73,15,CONFIRMED
BK-01918,2025-07-12,2025-07-13,dob-001,1,AIRBNB,131.68,3,CONFIRMED
BK-01919,2025-07-12,2025-07-14,dob-001,2,EXPEDIA,137.75,5,CONFIRMED
BK-01920,2025-07-12,2025-07-14,sui-001,3,BOOKING,250.58,12,CONFIRMED
BK-01921,2025-07-12,2025-07-14,sui-001,2,EXPEDIA,241.91,23,CONFIRMED
BK-01922,2025-07-12,2025-07-14,dob-001,1,DIRECT,148.48,20,CONFIRMED
BK-01923,2025-07-13,2025-07-14,dob-001,2,AIRBNB,111.83,3,CONFIRMED
BK-01924,2025-07-13,2025-07-14,dob-001,2,DIRECT,126.42,11,CONFIRMED
BK-01925,2025-07-13,2025-07-14,sui-001,2,EXPEDIA,195.93,1,CONFIRMED
BK-01926,2025-07-13,2025-07-15,sup-001,2,DIRECT,161.23,13,CONFIRMED
BK-01927,2025-07-13,2025-07-15,dob-001,1,EXPEDIA,113.82,1,CONFIRMED
BK-01928,2025-07-13,2025-07-15,dob-001,1,BOOKING,111.18,7,CONFIRMED
BK-01929,2025-07-13,2025-07-16,sui-001,1,AIRBNB,188.67,21,CONFIRMED
BK-01930,2025-07-13,2025-07-15,sui-001,2,DIRECT,205.79,0,CONFIRMED
BK-01931,2025-07-14,2025-07-19,dob-001,2,BOOKING,112.42,10,CONFIRMED
BK-01932,2025-07-14,2025-07-15,sup-001,1,EXPEDIA,143.84,10,CONFIRMED
BK-01933,2025-07-14,2025-07-18,sup-001,1,EXPEDIA,144.86,6,CONFIRMED
BK-01934,2025-07-14,2025-07-15,sup-001,1,BOOKING,148.29,6,CONFIRMED
BK-01935,2025-07-14,2025-07-16,dob-001,1,EXPEDIA,117.49,4,CONFIRMED
BK-01936,2025-07-14,2025-07-15,sui-001,3,BOOKING,204.3,11,CONFIRMED
BK-01937,2025-07-14,2025-07-15,sui-001,1,BOOKING,192.83,8,CONFIRMED
BK-01938,2025-07-14,2025-07-15,dob-001,1,DIRECT,124.1,14,CONFIRMED
BK-01939,2025-07-15,2025-07-16,sup-001,1,DIRECT,162.83,5,CONFIRMED
BK-01940,2025-07-15,2025-07-17,dob-001,2,BOOKING,118.35,0,CONFIRMED
BK-01941,2025-07-15,2025-07-17,dob-001,1,BOOKING,115.21,0,CONFIRMED
BK-01942,2025-07-15,2025-07-17,dob-001,2,BOOKING,117.28,0,CONFIRMED
BK-01943,2025-07-15,2025-07-16,dob-001,1,BOOKING,113.65,8,CONFIRMED
BK-01944,2025-07-15,2025-07-19,dob-001,2,DIRECT,126.81,16,CONFIRMED
BK-01945,2025-07-15,2025-07-16,dob-001,2,BOOKING,111.21,9,CONFIRMED
BK-01946,2025-07-15,2025-07-16,dob-001,2,AIRBNB,112.13,5,CONFIRMED
BK-01947,2025-07-16,2025-07-18,sup-001,2,EXPEDIA,141.21,0,CANCELLED
BK-01948,2025-07-16,2025-07-17,sui-001,1,EXPEDIA,208.12,15,CONFIRMED
BK-01949,2025-07-16,2025-07-17,dob-001,1,AIRBNB,108.52,7,CANCELLED
BK-01950,2025-07-16,2025-07-17,dob-001,2,DIRECT,128.71,12,CONFIRMED
BK-01951,2025-07-16,2025-07-17,sui-001,3,BOOKING,193.42,8,CONFIRMED
BK-01952,2025-07-16,2025-07-17,sup-001,2,DIRECT,153.05,19,CONFIRMED
BK-01953,2025-07-16,2025-07-18,dob-001,1,EXPEDIA,118.05,7,CANCELLED
BK-01954,2025-07-16,2025-07-18,sup-001,2,DIRECT,153.22,7,CONFIRMED
BK-01955,2025-07-17,2025-07-18,dob-001,2,DIRECT,119.99,1,CONFIRMED
BK-01956,2025-07-17,2025-07-18,dob-001,2,DIRECT,117.79,4,CONFIRMED
BK-01957,2025-07-17,2025-07-18,dob-001,2,BOOKING,112.9,0,CONFIRMED
BK-01958,2025-07-17,2025-07-21,dob-001,1,AIRBNB,110.66,12,CONFIRMED
BK-01959,2025-07-17,2025-07-19,sup-001,2,BOOKING,142.93,0,CONFIRMED
BK-01960,2025-07-17,2025-07-18,sup-001,2,DIRECT,157.06,7,CONFIRMED
BK-01961,2025-07-17,2025-07-18,dob-001,1,DIRECT,127.62,4,CONFIRMED
BK-01962,2025-07-17,2025-07-19,sup-001,2,BOOKING,140.13,3,CONFIRMED
BK-01963,2025-07-18,2025-07-19,dob-001,2,BOOKING,139.27,22,CONFIRMED
BK-01964,2025-07-18,2025-07-22,dob-001,2,AIRBNB,127.46,6,CONFIRMED
BK-01965,2025-07-18,2025-07-19,dob-001,2,EXPEDIA,140.13,6,CONFIRMED
BK-01966,2025-07-18,2025-07-21,sui-001,2,BOOKING,256.16,23,CONFIRMED
BK-01967,2025-07-18,2025-07-24,dob-001,2,DIRECT,152.0,20,CONFIRMED
BK-01968,2025-07-18,2025-07-19,dob-001,2,EXPEDIA,137.43,15,CONFIRMED
BK-01969,2025-07-18,2025-07-20,dob-001,2,DIRECT,155.92,14,CONFIRMED
BK-01970,2025-07-18,2025-07-20,sup-001,2,DIRECT,193.53,11,CANCELLED
BK-01971,2025-07-19,2025-07-20,sup-001,1,EXPEDIA,179.31,17,CONFIRMED
BK-01972,2025-07-19,2025-07-20,dob-001,2,DIRECT,152.73,11,CONFIRMED
BK-01973,2025-07-19,2025-07-22,dob-001,2,DIRECT,145.1,14,CONFIRMED
BK-01974,2025-07-19,2025-07-20,sui-001,1,BOOKING,257.61,13,CONFIRMED
BK-01975,2025-07-19,2025-07-21,sui-001,2,DIRECT,274.75,0,CONFIRMED
BK-01976,2025-07-19,2025-07-20,sui-001,3,BOOKING,241.62,0,CONFIRMED
BK-01977,2025-07-19,2025-07-21,sup-001,2,EXPEDIA,186.46,6,CONFIRMED
BK-01978,2025-07-19,2025-07-22,dob-001,1,BOOKING,137.65,0,CANCELLED
BK-01979,2025-07-20,2025-07-26,sui-001,2,DIRECT,216.65,6,CONFIRMED
BK-01980,2025-07-20,2025-07-21,sui-001,2,AIRBNB,181.92,20,CONFIRMED
BK-01981,2025-07-20,2025-07-21,dob-001,2,EXPEDIA,113.79,10,CONFIRMED
BK-01982,2025-07-20,2025-07-21,sui-001,3,DIRECT,222.25,9,CONFIRMED
BK-01983,2025-07-20,2025-07-22,dob-001,2,DIRECT,123.02,8,CONFIRMED
BK-01984,2025-07-20,2025-07-22,sui-001,3,BOOKING,201.71,21,CONFIRMED
BK-01985,2025-07-20,2025-07-21,dob-001,1,DIRECT,117.07,17,CONFIRMED
BK-01986,2025-07-20,2025-07-22,dob-001,2,DIRECT,124.94,13,CONFIRMED
BK-01987,2025-07-21,2025-07-22,sui-001,1,DIRECT,222.5,0,NO_SHOW
BK-01988,2025-07-21,2025-07-23,dob-001,2,DIRECT,117.44,14,CONFIRMED
BK-01989,2025-07-21,2025-07-26,sup-001,2,BOOKING,154.52,10,CONFIRMED
BK-01990,2025-07-21,2025-07-23,dob-001,2,BOOKING,111.54,13,CONFIRMED
BK-01991,2025-07-21,2025-07-23,dob-001,2,DIRECT,125.45,14,CONFIRMED
BK-01992,2025-07-21,2025-07-24,dob-001,2,EXPEDIA,112.39,12,CONFIRMED
BK-01993,2025-07-21,2025-07-22,dob-001,2,EXPEDIA,111.83,8,CONFIRMED
BK-01994,2025-07-21,2025-07-22,dob-001,1,DIRECT,124.2,27,CONFIRMED
BK-01995,2025-07-22,2025-07-23,dob-001,1,BOOKING,114.9,8,CONFIRMED
BK-01996,2025-07-22,2025-07-23,sup-001,2,DIRECT,159.86,0,CANCELLED
BK-01997,2025-07-22,2025-07-26,sup-001,2,DIRECT,152.13,9,CONFIRMED
BK-01998,2025-07-22,2025-07-25,dob-001,1,DIRECT,125.07,10,CONFIRMED
BK-01999,2025-07-22,2025-07-24,dob-001,1,DIRECT,120.84,14,CONFIRMED
BK-02000,2025-07-22,2025-07-24,sui-001,1,EXPEDIA,208.56,5,CONFIRMED
BK-02001,2025-07-22,2025-07-24,dob-001,1,AIRBNB,113.25,7,CONFIRMED
BK-02002,2025-07-22,2025-07-24,sui-001,3,BOOKING,203.72,16,CONFIRMED
BK-02003,2025-07-23,2025-07-24,sup-001,2,DIRECT,156.37,2,CONFIRMED
BK-02004,2025-07-23,2025-07-25,sup-001,2,BOOKING,154.52,6,CONFIRMED
BK-02005,2025-07-23,2025-07-25,sup-001,2,BOOKING,147.94,0,CONFIRMED
BK-02006,2025-07-23,2025-07-25,dob-001,1,DIRECT,124.68,10,CONFIRMED
BK-02007,2025-07-23,2025-07-25,sup-001,2,AIRBNB,137.3,3,CANCELLED
BK-02008,2025-07-23,2025-07-24,sup-001,2,DIRECT,154.73,3,CONFIRMED
BK-02009,2025-07-23,2025-07-24,sui-001,2,DIRECT,213.24,14,CONFIRMED
BK-02010,2025-07-23,2025-07-27,dob-001,1,EXPEDIA,114.53,4,CONFIRMED
BK-02011,2025-07-24,2025-07-26,dob-001,2,AIRBNB,103.44,3,CONFIRMED
BK-02012,2025-07-24,2025-07-25,sui-001,2,EXPEDIA,194.21,15,CONFIRMED
BK-02013,2025-07-24,2025-07-26,sui-001,2,DIRECT,218.62,5,CONFIRMED
BK-02014,2025-07-24,2025-07-25,sui-001,3,DIRECT,218.85,4,CONFIRMED
BK-02015,2025-07-24,2025-07-25,sup-001,1,AIRBNB,137.22,20,CONFIRMED
BK-02016,2025-07-24,2025-07-26,dob-001,2,DIRECT,127.47,16,CONFIRMED
BK-02017,2025-07-24,2025-07-25,dob-001,2,EXPEDIA,113.44,10,CANCELLED
BK-02018,2025-07-24,2025-07-26,dob-001,2,EXPEDIA,115.92,6,CONFIRMED
BK-02019,2025-07-25,2025-07-26,dob-001,1,EXPEDIA,143.61,22,CONFIRMED
BK-02020,2025-07-25,2025-07-27,sui-001,3,AIRBNB,225.61,36,NO_SHOW
BK-02021,2025-07-25,2025-07-27,dob-001,1,EXPEDIA,138.2,14,NO_SHOW
BK-02022,2025-07-25,2025-07-27,dob-001,2,DIRECT,147.32,4,CONFIRMED
BK-02023,2025-07-25,2025-07-27,dob-001,2,EXPEDIA,142.65,21,CONFIRMED
BK-02024,2025-07-25,2025-07-27,sui-001,2,EXPEDIA,238.39,13,CONFIRMED
BK-02025,2025-07-25,2025-07-27,dob-001,1,DIRECT,150.4,27,NO_SHOW
BK-02026,2025-07-25,2025-07-29,sui-001,1,AIRBNB,235.7,8,CONFIRMED
BK-02027,2025-07-26,2025-07-27,sup-001,2,DIRECT,198.37,12,NO_SHOW
BK-02028,2025-07-26,2025-07-29,dob-001,1,DIRECT,148.55,4,CONFIRMED
BK-02029,2025-07-26,2025-07-27,sui-001,3,DIRECT,256.24,13,CONFIRMED
BK-02030,2025-07-26,2025-07-27,dob-001,2,DIRECT,148.78,23,CONFIRMED
BK-02031,2025-07-26,2025-07-27,dob-001,1,AIRBNB,134.8,29,CONFIRMED
BK-02032,2025-07-26,2025-07-27,sui-001,2,DIRECT,275.76,0,CONFIRMED
BK-02033,2025-07-26,2025-07-27,dob-001,1,EXPEDIA,141.03,20,CONFIRMED
BK-02034,2025-07-26,2025-07-29,sui-001,2,BOOKING,240.8,3,CONFIRMED
BK-02035,2025-07-27,2025-07-28,sup-001,2,AIRBNB,142.1,13,CONFIRMED
BK-02036,2025-07-27,2025-07-28,dob-001,2,DIRECT,118.28,3,CONFIRMED
BK-02037,2025-07-27,2025-07-29,dob-001,2,BOOKING,117.35,0,CONFIRMED
BK-02038,2025-07-27,2025-07-28,dob-001,2,BOOKING,115.49,2,CONFIRMED
BK-02039,2025-07-27,2025-07-28,dob-001,1,EXPEDIA,119.58,12,CANCELLED
BK-02040,2025-07-27,2025-07-29,dob-001,2,DIRECT,119.27,0,CONFIRMED
BK-02041,2025-07-27,2025-07-28,sup-001,2,DIRECT,157.51,0,CONFIRMED
BK-02042,2025-07-27,2025-07-30,sup-001,1,DIRECT,153.06,5,CONFIRMED
BK-02043,2025-07-28,2025-07-30,dob-001,2,BOOKING,109.76,8,CONFIRMED
BK-02044,2025-07-28,2025-07-30,dob-001,2,DIRECT,117.46,11,CONFIRMED
BK-02045,2025-07-28,2025-07-30,sui-001,3,EXPEDIA,200.99,10,CONFIRMED
BK-02046,2025-07-28,2025-07-30,sup-001,1,EXPEDIA,142.93,24,CONFIRMED
BK-02047,2025-07-28,2025-07-30,dob-001,2,EXPEDIA,116.06,0,CONFIRMED
BK-02048,2025-07-28,2025-07-29,dob-001,1,BOOKING,118.22,12,CONFIRMED
BK-02049,2025-07-28,2025-07-30,sui-001,3,BOOKING,192.69,6,CONFIRMED
BK-02050,2025-07-28,2025-07-31,sup-001,2,EXPEDIA,141.51,14,CONFIRMED
BK-02051,2025-07-29,2025-07-30,dob-001,2,DIRECT,122.56,7,CONFIRMED
BK-02052,2025-07-29,2025-07-30,dob-001,2,DIRECT,128.83,4,CONFIRMED
BK-02053,2025-07-29,2025-07-31,dob-001,1,BOOKING,119.55,2,CONFIRMED
BK-02054,2025-07-29,2025-07-31,sup-001,1,DIRECT,155.13,1,CONFIRMED
BK-02055,2025-07-29,2025-08-01,dob-001,1,BOOKING,109.52,23,CONFIRMED
BK-02056,2025-07-29,2025-07-30,sui-001,3,DIRECT,223.13,13,CANCELLED
BK-02057,2025-07-29,2025-08-02,sup-001,2,AIRBNB,137.47,24,CANCELLED
BK-02058,2025-07-29,2025-07-31,sup-001,1,BOOKING,141.48,7,CONFIRMED
BK-02059,2025-07-30,2025-08-01,dob-001,2,DIRECT,128.79,0,CONFIRMED
BK-02060,2025-07-30,2025-07-31,sup-001,2,BOOKING,144.67,0,CONFIRMED
BK-02061,2025-07-30,2025-07-31,sui-001,2,EXPEDIA,203.29,0,CONFIRMED
BK-02062,2025-07-30,2025-08-02,dob-001,2,DIRECT,122.04,10,CONFIRMED
BK-02063,2025-07-30,2025-07-31,sui-001,3,EXPEDIA,193.88,14,CONFIRMED
BK-02064,2025-07-30,2025-07-31,dob-001,2,AIRBNB,109.85,15,NO_SHOW
BK-02065,2025-07-30,2025-08-02,sui-001,3,DIRECT,217.58,11,CONFIRMED
BK-02066,2025-07-30,2025-08-03,sup-001,2,DIRECT,153.73,9,CONFIRMED
BK-02067,2025-07-31,2025-08-02,sup-001,2,AIRBNB,134.29,11,NO_SHOW
BK-02068,2025-07-31,2025-08-01,dob-001,1,BOOKING,118.96,0,CONFIRMED
BK-02069,2025-07-31,2025-08-02,sup-001,2,DIRECT,154.14,0,NO_SHOW
BK-02070,2025-07-31,2025-08-01,sui-001,2,DIRECT,208.95,2,CONFIRMED
BK-02071,2025-07-31,2025-08-01,dob-001,2,BOOKING,112.48,5,CONFIRMED
BK-02072,2025-07-31,2025-08-02,sup-001,2,EXPEDIA,152.16,0,CONFIRMED
BK-02073,2025-07-31,2025-08-01,dob-001,1,DIRECT,118.01,11,CONFIRMED
BK-02074,2025-07-31,2025-08-01,dob-001,2,BOOKING,110.19,0,CONFIRMED
BK-02075,2025-08-01,2025-08-03,sup-001,2,AIRBNB,173.82,0,CANCELLED
BK-02076,2025-08-01,2025-08-03,dob-001,2,EXPEDIA,136.45,0,CONFIRMED
BK-02077,2025-08-01,2025-08-02,dob-001,2,EXPEDIA,144.64,0,CONFIRMED
BK-02078,2025-08-01,2025-08-02,sui-001,3,DIRECT,254.59,0,CONFIRMED
BK-02079,2025-08-01,2025-08-03,sup-001,1,DIRECT,197.1,0,CONFIRMED
BK-02080,2025-08-01,2025-08-03,dob-001,2,EXPEDIA,135.95,9,CONFIRMED
BK-02081,2025-08-01,2025-08-03,sui-001,1,DIRECT,266.48,10,CONFIRMED
BK-02082,2025-08-01,2025-08-03,dob-001,1,DIRECT,156.66,12,CONFIRMED
BK-02083,2025-08-02,2025-08-04,dob-001,1,EXPEDIA,135.5,12,CONFIRMED
BK-02084,2025-08-02,2025-08-03,dob-001,1,BOOKING,139.9,9,CONFIRMED
BK-02085,2025-08-02,2025-08-08,sup-001,1,DIRECT,186.6,28,CONFIRMED
BK-02086,2025-08-02,2025-08-03,sup-001,2,DIRECT,197.61,16,CONFIRMED
BK-02087,2025-08-02,2025-08-03,dob-001,1,AIRBNB,137.26,4,CONFIRMED
BK-02088,2025-08-02,2025-08-04,sup-001,2,EXPEDIA,184.54,11,CONFIRMED
BK-02089,2025-08-02,2025-08-04,sup-001,1,DIRECT,199.22,8,CONFIRMED
BK-02090,2025-08-02,2025-08-03,dob-001,2,BOOKING,145.0,12,CONFIRMED
BK-02091,2025-08-03,2025-08-05,dob-001,1,DIRECT,124.34,5,CONFIRMED
BK-02092,2025-08-03,2025-08-04,dob-001,1,DIRECT,121.41,7,CONFIRMED
BK-02093,2025-08-03,2025-08-05,dob-001,2,BOOKING,110.9,10,CONFIRMED
BK-02094,2025-08-03,2025-08-05,dob-001,2,BOOKING,112.58,11,CONFIRMED
BK-02095,2025-08-03,2025-08-05,dob-001,1,BOOKING,114.66,0,CONFIRMED
BK-02096,2025-08-03,2025-08-05,sup-001,2,DIRECT,166.01,14,CONFIRMED
BK-02097,2025-08-03,2025-08-04,sui-001,2,DIRECT,222.68,12,CONFIRMED
BK-02098,2025-08-03,2025-08-05,dob-001,1,BOOKING,111.25,11,CONFIRMED
BK-02099,2025-08-04,2025-08-05,sui-001,2,AIRBNB,194.53,0,CANCELLED
BK-02100,2025-08-04,2025-08-05,dob-001,1,DIRECT,125.54,6,CONFIRMED
BK-02101,2025-08-04,2025-08-05,sup-001,2,DIRECT,153.6,6,CONFIRMED
BK-02102,2025-08-04,2025-08-05,dob-001,1,EXPEDIA,114.32,0,CONFIRMED
BK-02103,2025-08-04,2025-08-05,dob-001,1,EXPEDIA,119.5,9,CONFIRMED
BK-02104,2025-08-04,2025-08-05,dob-001,2,EXPEDIA,108.78,1,CONFIRMED
BK-02105,2025-08-04,2025-08-05,dob-001,1,EXPEDIA,118.69,2,CONFIRMED
BK-02106,2025-08-04,2025-08-05,dob-001,2,BOOKING,111.61,24,CONFIRMED
BK-02107,2025-08-05,2025-08-08,sup-001,2,BOOKING,148.08,6,CONFIRMED
BK-02108,2025-08-05,2025-08-06,dob-001,1,AIRBNB,107.93,0,CANCELLED
BK-02109,2025-08-05,2025-08-06,sui-001,1,EXPEDIA,194.29,19,CONFIRMED
BK-02110,2025-08-05,2025-08-06,sui-001,2,EXPEDIA,194.67,11,CONFIRMED
BK-02111,2025-08-05,2025-08-07,dob-001,1,BOOKING,115.14,9,CONFIRMED
BK-02112,2025-08-05,2025-08-07,dob-001,2,EXPEDIA,110.56,8,CONFIRMED
BK-02113,2025-08-05,2025-08-07,sup-001,1,DIRECT,165.11,4,CONFIRMED
BK-02114,2025-08-05,2025-08-07,sui-001,3,AIRBNB,189.62,11,CONFIRMED
BK-02115,2025-08-06,2025-08-07,sup-001,2,BOOKING,152.61,0,CONFIRMED
BK-02116,2025-08-06,2025-08-07,sui-001,3,DIRECT,205.32,11,NO_SHOW
BK-02117,2025-08-06,2025-08-08,dob-001,1,DIRECT,121.61,11,CONFIRMED
BK-02118,2025-08-06,2025-08-08,dob-001,1,DIRECT,118.44,4,CANCELLED
BK-02119,2025-08-06,2025-08-07,sup-001,2,DIRECT,153.21,0,CONFIRMED
BK-02120,2025-08-06,2025-08-07,dob-001,1,DIRECT,126.47,16,CONFIRMED
BK-02121,2025-08-06,2025-08-08,dob-001,1,DIRECT,126.28,11,CONFIRMED
BK-02122,2025-08-06,2025-08-07,dob-001,2,EXPEDIA,114.07,0,CONFIRMED
BK-02123,2025-08-07,2025-08-09,dob-001,2,DIRECT,127.52,16,CONFIRMED
BK-02124,2025-08-07,2025-08-09,dob-001,2,BOOKING,115.49,2,CONFIRMED
BK-02125,2025-08-07,2025-08-08,sup-001,2,BOOKING,150.1,7,CONFIRMED
BK-02126,2025-08-07,2025-08-08,dob-001,1,EXPEDIA,110.5,4,CONFIRMED
BK-02127,2025-08-07,2025-08-09,sui-001,2,DIRECT,205.27,19,CONFIRMED
BK-02128,2025-08-07,2025-08-09,dob-001,2,DIRECT,119.12,14,CONFIRMED
BK-02129,2025-08-07,2025-08-10,dob-001,2,BOOKING,113.83,10,CONFIRMED
BK-02130,2025-08-07,2025-08-08,sui-001,3,BOOKING,209.15,15,CONFIRMED
BK-02131,2025-08-08,2025-08-09,sui-001,1,AIRBNB,244.82,0,CONFIRMED
BK-02132,2025-08-08,2025-08-09,sup-001,2,DIRECT,200.56,8,CANCELLED
BK-02133,2025-08-08,2025-08-09,dob-001,2,DIRECT,149.72,17,CONFIRMED
BK-02134,2025-08-08,2025-08-09,sup-001,2,EXPEDIA,182.88,17,NO_SHOW
BK-02135,2025-08-08,2025-08-09,dob-001,2,BOOKING,144.76,6,CONFIRMED
BK-02136,2025-08-08,2025-08-10,dob-001,2,BOOKING,142.2,16,CONFIRMED
BK-02137,2025-08-08,2025-08-11,sup-001,2,EXPEDIA,184.6,14,CONFIRMED
BK-02138,2025-08-08,2025-08-11,sup-001,2,DIRECT,201.48,0,CONFIRMED
BK-02139,2025-08-09,2025-08-11,sup-001,1,BOOKING,188.44,9,CONFIRMED
BK-02140,2025-08-09,2025-08-11,sup-001,2,AIRBNB,165.59,30,CONFIRMED
BK-02141,2025-08-09,2025-08-12,sui-001,3,DIRECT,277.67,2,CONFIRMED
BK-02142,2025-08-09,2025-08-11,dob-001,2,DIRECT,153.81,19,CONFIRMED
BK-02143,2025-08-09,2025-08-10,dob-001,2,AIRBNB,140.03,16,CONFIRMED
BK-02144,2025-08-09,2025-08-11,dob-001,2,DIRECT,153.96,26,CANCELLED
BK-02145,2025-08-09,2025-08-11,sui-001,2,EXPEDIA,233.57,17,CONFIRMED
BK-02146,2025-08-09,2025-08-10,dob-001,2,EXPEDIA,141.38,6,CANCELLED
BK-02147,2025-08-10,2025-08-11,dob-001,2,EXPEDIA,109.97,7,CONFIRMED
BK-02148,2025-08-10,2025-08-11,sup-001,2,BOOKING,149.17,0,CONFIRMED
BK-02149,2025-08-10,2025-08-11,sui-001,3,BOOKING,204.82,14,CONFIRMED
BK-02150,2025-08-10,2025-08-11,sup-001,2,DIRECT,164.49,0,CONFIRMED
BK-02151,2025-08-10,2025-08-11,sup-001,2,DIRECT,165.38,10,CONFIRMED
BK-02152,2025-08-10,2025-08-13,sui-001,3,DIRECT,219.07,2,CONFIRMED
BK-02153,2025-08-10,2025-08-12,dob-001,1,AIRBNB,107.08,21,NO_SHOW
BK-02154,2025-08-10,2025-08-11,dob-001,2,DIRECT,127.1,20,CONFIRMED
BK-02155,2025-08-11,2025-08-15,dob-001,1,BOOKING,109.13,15,CONFIRMED
BK-02156,2025-08-11,2025-08-12,sup-001,1,BOOKING,142.77,11,CONFIRMED
BK-02157,2025-08-11,2025-08-12,sup-001,1,BOOKING,140.14,8,CONFIRMED
BK-02158,2025-08-11,2025-08-12,dob-001,1,DIRECT,122.49,12,CONFIRMED
BK-02159,2025-08-11,2025-08-12,dob-001,2,AIRBNB,103.88,2,CONFIRMED
BK-02160,2025-08-11,2025-08-13,sui-001,3,EXPEDIA,209.12,14,CANCELLED
BK-02161,2025-08-11,2025-08-15,sup-001,2,DIRECT,155.26,16,CONFIRMED
BK-02162,2025-08-11,2025-08-12,sui-001,1,BOOKING,208.11,2,CONFIRMED
BK-02163,2025-08-12,2025-08-16,dob-001,2,DIRECT,122.68,0,CONFIRMED
BK-02164,2025-08-12,2025-08-18,dob-001,2,AIRBNB,104.65,10,CONFIRMED
BK-02165,2025-08-12,2025-08-13,dob-001,2,BOOKING,114.53,3,CANCELLED
BK-02166,2025-08-12,2025-08-13,sui-001,2,DIRECT,216.43,14,CONFIRMED
BK-02167,2025-08-12,2025-08-14,dob-001,1,EXPEDIA,111.65,20,CONFIRMED
BK-02168,2025-08-12,2025-08-15,dob-001,1,BOOKING,113.45,11,CONFIRMED
BK-02169,2025-08-12,2025-08-15,sup-001,2,BOOKING,147.24,16,CANCELLED
BK-02170,2025-08-12,2025-08-15,dob-001,2,DIRECT,127.78,0,CONFIRMED
BK-02171,2025-08-13,2025-08-15,sui-001,1,EXPEDIA,192.95,0,CONFIRMED
BK-02172,2025-08-13,2025-08-15,sup-001,2,BOOKING,143.33,4,CONFIRMED
BK-02173,2025-08-13,2025-08-16,dob-001,2,AIRBNB,110.27,9,CONFIRMED
BK-02174,2025-08-13,2025-08-14,dob-001,2,DIRECT,117.25,3,CANCELLED
BK-02175,2025-08-13,2025-08-15,sup-001,2,EXPEDIA,150.2,14,CONFIRMED
BK-02176,2025-08-13,2025-08-17,dob-001,2,DIRECT,118.77,6,CONFIRMED
BK-02177,2025-08-13,2025-08-14,sup-001,2,DIRECT,161.08,9,CONFIRMED
BK-02178,2025-08-13,2025-08-14,dob-001,2,AIRBNB,103.05,3,CONFIRMED
BK-02179,2025-08-14,2025-08-19,dob-001,2,AIRBNB,109.94,8,CONFIRMED
BK-02180,2025-08-14,2025-08-15,sui-001,2,BOOKING,198.64,9,CONFIRMED
BK-02181,2025-08-14,2025-08-15,sup-001,2,BOOKING,144.14,0,CONFIRMED
BK-02182,2025-08-14,2025-08-15,sup-001,2,DIRECT,156.34,11,CONFIRMED
BK-02183,2025-08-14,2025-08-16,dob-001,2,EXPEDIA,116.18,16,CONFIRMED
BK-02184,2025-08-14,2025-08-15,dob-001,2,DIRECT,126.02,5,CONFIRMED
BK-02185,2025-08-14,2025-08-16,dob-001,1,BOOKING,117.54,0,CONFIRMED
BK-02186,2025-08-14,2025-08-16,sui-001,2,BOOKING,207.38,4,CONFIRMED
BK-02187,2025-08-15,2025-08-16,dob-001,2,DIRECT,210.7,50,CONFIRMED
BK-02188,2025-08-15,2025-08-19,sup-001,2,DIRECT,278.28,33,CANCELLED
BK-02189,2025-08-15,2025-08-16,dob-001,2,DIRECT,208.09,6,CANCELLED
BK-02190,2025-08-15,2025-08-16,sui-001,2,BOOKING,359.42,29,CONFIRMED
BK-02191,2025-08-15,2025-08-17,dob-001,2,DIRECT,219.76,33,CONFIRMED
BK-02192,2025-08-15,2025-08-17,sui-001,3,AIRBNB,339.36,16,CONFIRMED
BK-02193,2025-08-15,2025-08-17,dob-001,2,DIRECT,220.86,37,CONFIRMED
BK-02194,2025-08-15,2025-08-16,sui-001,2,DIRECT,373.22,24,CONFIRMED
BK-02195,2025-08-15,2025-08-18,dob-001,1,BOOKING,204.36,51,CONFIRMED
BK-02196,2025-08-15,2025-08-17,sui-001,2,EXPEDIA,350.89,23,CANCELLED
BK-02197,2025-08-15,2025-08-17,sui-001,2,DIRECT,365.39,16,CONFIRMED
BK-02198,2025-08-15,2025-08-17,sup-001,1,AIRBNB,242.19,0,CANCELLED
BK-02199,2025-08-15,2025-08-16,sui-001,2,AIRBNB,337.99,18,CONFIRMED
BK-02200,2025-08-15,2025-08-18,dob-001,1,AIRBNB,187.13,47,CONFIRMED
BK-02201,2025-08-16,2025-08-18,dob-001,2,BOOKING,137.93,12,CANCELLED
BK-02202,2025-08-16,2025-08-18,dob-001,1,EXPEDIA,142.25,13,CONFIRMED
BK-02203,2025-08-16,2025-08-18,dob-001,2,BOOKING,140.23,22,CANCELLED
BK-02204,2025-08-16,2025-08-18,dob-001,2,EXPEDIA,133.95,21,CONFIRMED
BK-02205,2025-08-16,2025-08-17,sui-001,2,DIRECT,255.02,9,CONFIRMED
BK-02206,2025-08-16,2025-08-17,sup-001,2,AIRBNB,178.3,21,CONFIRMED
BK-02207,2025-08-16,2025-08-17,dob-001,2,BOOKING,145.32,21,CONFIRMED
BK-02208,2025-08-16,2025-08-18,sup-001,2,DIRECT,186.82,12,CONFIRMED
BK-02209,2025-08-17,2025-08-19,dob-001,2,BOOKING,108.99,0,CONFIRMED
BK-02210,2025-08-17,2025-08-18,sup-001,1,BOOKING,152.33,2,CONFIRMED
BK-02211,2025-08-17,2025-08-20,dob-001,1,DIRECT,126.93,0,CONFIRMED
BK-02212,2025-08-17,2025-08-18,dob-001,2,DIRECT,126.72,18,CONFIRMED
BK-02213,2025-08-17,2025-08-18,dob-001,1,DIRECT,126.08,3,CONFIRMED
BK-02214,2025-08-17,2025-08-19,sup-001,2,DIRECT,163.75,12,CANCELLED
BK-02215,2025-08-17,2025-08-19,dob-001,1,BOOKING,119.33,21,CONFIRMED
BK-02216,2025-08-17,2025-08-18,sup-001,1,DIRECT,165.11,2,CONFIRMED
BK-02217,2025-08-18,2025-08-21,dob-001,1,BOOKING,109.79,8,CONFIRMED
BK-02218,2025-08-18,2025-08-21,sui-001,3,EXPEDIA,190.91,24,CONFIRMED
BK-02219,2025-08-18,2025-08-19,dob-001,1,DIRECT,118.2,2,CONFIRMED
BK-02220,2025-08-18,2025-08-21,dob-001,1,BOOKING,119.64,5,CONFIRMED
BK-02221,2025-08-18,2025-08-20,dob-001,2,AIRBNB,107.66,0,CONFIRMED
BK-02222,2025-08-18,2025-08-20,sui-001,1,DIRECT,215.79,10,CONFIRMED
BK-02223,2025-08-18,2025-08-19,sup-001,1,BOOKING,142.43,0,CANCELLED
BK-02224,2025-08-18,2025-08-21,dob-001,1,EXPEDIA,110.58,4,CONFIRMED
BK-02225,2025-08-19,2025-08-22,dob-001,1,DIRECT,118.07,6,CONFIRMED
BK-02226,2025-08-19,2025-08-20,dob-001,2,DIRECT,117.26,7,CONFIRMED
BK-02227,2025-08-19,2025-08-21,dob-001,1,BOOKING,113.77,10,CONFIRMED
BK-02228,2025-08-19,2025-08-21,dob-001,2,BOOKING,112.62,0,CONFIRMED
BK-02229,2025-08-19,2025-08-23,sui-001,2,DIRECT,214.46,8,CONFIRMED
BK-02230,2025-08-19,2025-08-21,sui-001,2,EXPEDIA,193.15,0,CONFIRMED
BK-02231,2025-08-19,2025-08-20,dob-001,1,BOOKING,116.6,10,CONFIRMED
BK-02232,2025-08-19,2025-08-21,sui-001,3,AIRBNB,186.22,18,CANCELLED
BK-02233,2025-08-20,2025-08-22,dob-001,2,BOOKING,116.65,19,CONFIRMED
BK-02234,2025-08-20,2025-08-22,sup-001,2,BOOKING,148.0,0,CONFIRMED
BK-02235,2025-08-20,2025-08-21,dob-001,2,EXPEDIA,110.62,0,CONFIRMED
BK-02236,2025-08-20,2025-08-21,sup-001,2,BOOKING,150.74,0,CONFIRMED
BK-02237,2025-08-20,2025-08-21,sui-001,2,EXPEDIA,194.59,2,CANCELLED
BK-02238,2025-08-20,2025-08-22,sup-001,2,BOOKING,146.47,4,CONFIRMED
BK-02239,2025-08-20,2025-08-23,sui-001,2,BOOKING,194.44,9,CONFIRMED
BK-02240,2025-08-20,2025-08-22,sui-001,2,BOOKING,199.31,8,CONFIRMED
BK-02241,2025-08-21,2025-08-22,sui-001,2,BOOKING,205.73,7,CANCELLED
BK-02242,2025-08-21,2025-08-22,sup-001,2,EXPEDIA,152.59,10,CONFIRMED
BK-02243,2025-08-21,2025-08-22,sup-001,1,AIRBNB,145.27,0,CONFIRMED
BK-02244,2025-08-21,2025-08-23,dob-001,1,BOOKING,116.74,0,CONFIRMED
BK-02245,2025-08-21,2025-08-22,sup-001,1,BOOKING,152.22,5,CONFIRMED
BK-02246,2025-08-21,2025-08-27,sup-001,1,EXPEDIA,144.34,8,CONFIRMED
BK-02247,2025-08-21,2025-08-23,sui-001,3,EXPEDIA,206.19,9,CONFIRMED
BK-02248,2025-08-21,2025-08-22,dob-001,2,EXPEDIA,108.56,8,CONFIRMED
BK-02249,2025-08-22,2025-08-24,dob-001,2,EXPEDIA,137.68,12,CONFIRMED
BK-02250,2025-08-22,2025-08-24,dob-001,1,EXPEDIA,136.18,15,CONFIRMED
BK-02251,2025-08-22,2025-08-23,dob-001,1,BOOKING,135.46,35,CONFIRMED
BK-02252,2025-08-22,2025-08-23,dob-001,1,DIRECT,154.52,28,CONFIRMED
BK-02253,2025-08-22,2025-08-24,sup-001,2,BOOKING,173.96,0,CONFIRMED
BK-02254,2025-08-22,2025-08-23,dob-001,1,DIRECT,155.05,3,CONFIRMED
BK-02255,2025-08-22,2025-08-24,dob-001,2,EXPEDIA,142.18,20,CONFIRMED
BK-02256,2025-08-22,2025-08-23,sup-001,2,BOOKING,182.07,11,CONFIRMED
BK-02257,2025-08-23,2025-08-25,sup-001,2,AIRBNB,168.59,27,CONFIRMED
BK-02258,2025-08-23,2025-08-24,dob-001,2,EXPEDIA,135.4,24,CONFIRMED
BK-02259,2025-08-23,2025-08-24,dob-001,2,EXPEDIA,145.22,12,CONFIRMED
BK-02260,2025-08-23,2025-08-25,sup-001,2,BOOKING,187.57,19,CONFIRMED
BK-02261,2025-08-23,2025-08-25,dob-001,2,EXPEDIA,135.23,7,CONFIRMED
BK-02262,2025-08-23,2025-08-25,sup-001,1,DIRECT,188.45,2,CANCELLED
BK-02263,2025-08-23,2025-08-24,dob-001,1,BOOKING,136.4,6,CONFIRMED
BK-02264,2025-08-23,2025-08-27,dob-001,2,AIRBNB,139.96,35,CONFIRMED
BK-02265,2025-08-24,2025-08-25,sui-001,2,BOOKING,201.48,4,CONFIRMED
BK-02266,2025-08-24,2025-08-26,dob-001,2,AIRBNB,103.13,7,CONFIRMED
BK-02267,2025-08-24,2025-08-25,dob-001,2,DIRECT,127.6,4,CANCELLED
BK-02268,2025-08-24,2025-08-26,sui-001,2,BOOKING,195.22,11,CONFIRMED
BK-02269,2025-08-24,2025-08-25,dob-001,2,BOOKING,115.59,0,CONFIRMED
BK-02270,2025-08-24,2025-08-27,dob-001,1,DIRECT,125.3,7,CONFIRMED
BK-02271,2025-08-24,2025-08-25,sui-001,2,BOOKING,206.22,3,CONFIRMED
BK-02272,2025-08-24,2025-08-25,dob-001,2,DIRECT,126.78,7,CONFIRMED
BK-02273,2025-08-25,2025-08-26,dob-001,2,DIRECT,121.87,3,CONFIRMED
BK-02274,2025-08-25,2025-08-26,sup-001,2,DIRECT,159.3,5,CONFIRMED
BK-02275,2025-08-25,2025-08-27,sup-001,1,BOOKING,150.26,3,CONFIRMED
BK-02276,2025-08-25,2025-08-26,dob-001,2,DIRECT,122.65,0,CONFIRMED
BK-02277,2025-08-25,2025-08-26,dob-001,2,DIRECT,120.66,1,CONFIRMED
BK-02278,2025-08-25,2025-08-26,sup-001,1,EXPEDIA,142.56,5,CONFIRMED
BK-02279,2025-08-25,2025-08-27,dob-001,2,BOOKING,109.67,6,CONFIRMED
BK-02280,2025-08-25,2025-08-26,dob-001,2,EXPEDIA,112.89,8,CONFIRMED
BK-02281,2025-08-26,2025-08-29,sui-001,2,BOOKING,191.1,0,CONFIRMED
BK-02282,2025-08-26,2025-08-28,sup-001,2,EXPEDIA,140.36,15,CONFIRMED
BK-02283,2025-08-26,2025-08-27,sui-001,2,BOOKING,205.39,0,CONFIRMED
BK-02284,2025-08-26,2025-08-28,dob-001,1,EXPEDIA,108.52,0,CONFIRMED
BK-02285,2025-08-26,2025-08-28,sup-001,2,BOOKING,152.52,4,CONFIRMED
BK-02286,2025-08-26,2025-08-27,sup-001,1,DIRECT,152.12,0,NO_SHOW
BK-02287,2025-08-26,2025-08-27,sup-001,2,BOOKING,151.99,3,CONFIRMED
BK-02288,2025-08-26,2025-08-27,sui-001,3,BOOKING,202.45,19,CONFIRMED
BK-02289,2025-08-27,2025-08-29,dob-001,2,EXPEDIA,112.98,1,CONFIRMED
BK-02290,2025-08-27,2025-08-28,dob-001,1,DIRECT,122.87,4,CONFIRMED
BK-02291,2025-08-27,2025-08-28,dob-001,1,DIRECT,125.21,5,CONFIRMED
BK-02292,2025-08-27,2025-08-29,sup-001,2,AIRBNB,133.1,0,CONFIRMED
BK-02293,2025-08-27,2025-08-30,sup-001,2,DIRECT,158.51,6,NO_SHOW
BK-02294,2025-08-27,2025-08-30,dob-001,1,BOOKING,108.93,5,CONFIRMED
BK-02295,2025-08-27,2025-08-29,dob-001,2,DIRECT,128.49,20,CONFIRMED
BK-02296,2025-08-27,2025-08-29,sui-001,3,DIRECT,217.0,16,CONFIRMED
BK-02297,2025-08-28,2025-08-31,sup-001,2,EXPEDIA,154.06,21,CONFIRMED
BK-02298,2025-08-28,2025-08-30,sup-001,2,BOOKING,147.37,19,CANCELLED
BK-02299,2025-08-28,2025-08-31,sup-001,2,AIRBNB,143.49,5,CONFIRMED
BK-02300,2025-08-28,2025-08-31,dob-001,2,BOOKING,114.81,10,CANCELLED
BK-02301,2025-08-28,2025-08-30,dob-001,1,BOOKING,108.83,9,CONFIRMED
BK-02302,2025-08-28,2025-08-30,dob-001,2,DIRECT,121.65,1,CONFIRMED
BK-02303,2025-08-28,2025-08-30,dob-001,2,DIRECT,125.27,15,CONFIRMED
BK-02304,2025-08-28,2025-08-30,sup-001,2,BOOKING,142.1,19,CANCELLED
BK-02305,2025-08-29,2025-08-30,sup-001,2,AIRBNB,164.47,12,CONFIRMED
BK-02306,2025-08-29,2025-08-31,dob-001,2,DIRECT,150.52,11,CONFIRMED
BK-02307,2025-08-29,2025-08-30,dob-001,2,AIRBNB,135.97,9,CONFIRMED
BK-02308,2025-08-29,2025-08-30,sup-001,1,BOOKING,182.88,34,CANCELLED
BK-02309,2025-08-29,2025-08-31,sui-001,2,BOOKING,250.75,31,CONFIRMED
BK-02310,2025-08-29,2025-08-31,dob-001,1,BOOKING,142.02,0,CONFIRMED
BK-02311,2025-08-29,2025-08-31,dob-001,1,DIRECT,146.26,9,CONFIRMED
BK-02312,2025-08-29,2025-08-30,sui-001,3,EXPEDIA,246.83,12,CONFIRMED
BK-02313,2025-08-30,2025-09-01,dob-001,2,BOOKING,140.47,1,CONFIRMED
BK-02314,2025-08-30,2025-09-02,sup-001,1,DIRECT,205.54,11,CONFIRMED
BK-02315,2025-08-30,2025-08-31,sup-001,2,BOOKING,176.23,21,CONFIRMED
BK-02316,2025-08-30,2025-09-01,sui-001,3,EXPEDIA,252.06,17,CONFIRMED
BK-02317,2025-08-30,2025-09-02,sup-001,2,AIRBNB,176.13,19,CONFIRMED
BK-02318,2025-08-30,2025-08-31,sui-001,1,AIRBNB,234.81,18,CONFIRMED
BK-02319,2025-08-30,2025-08-31,dob-001,1,EXPEDIA,137.67,20,CONFIRMED
BK-02320,2025-08-30,2025-08-31,dob-001,1,DIRECT,147.03,9,CONFIRMED
BK-02321,2025-08-31,2025-09-01,dob-001,2,BOOKING,118.69,7,CONFIRMED
BK-02322,2025-08-31,2025-09-02,sup-001,1,DIRECT,163.05,0,CONFIRMED
BK-02323,2025-08-31,2025-09-02,sup-001,2,AIRBNB,134.25,0,CONFIRMED
BK-02324,2025-08-31,2025-09-01,dob-001,2,BOOKING,117.87,9,CONFIRMED
BK-02325,2025-08-31,2025-09-03,sup-001,2,BOOKING,151.74,0,CONFIRMED
BK-02326,2025-08-31,2025-09-05,dob-001,2,BOOKING,118.91,1,CONFIRMED
BK-02327,2025-08-31,2025-09-01,dob-001,1,AIRBNB,110.03,6,CONFIRMED
BK-02328,2025-08-31,2025-09-02,dob-001,2,EXPEDIA,116.14,13,CONFIRMED
BK-02329,2025-09-01,2025-09-02,dob-001,1,EXPEDIA,91.95,5,CONFIRMED
BK-02330,2025-09-01,2025-09-02,sup-001,2,EXPEDIA,127.81,9,CONFIRMED
BK-02331,2025-09-01,2025-09-02,dob-001,2,BOOKING,94.77,1,CONFIRMED
BK-02332,2025-09-01,2025-09-03,dob-001,2,DIRECT,101.62,6,CONFIRMED
BK-02333,2025-09-01,2025-09-03,dob-001,1,BOOKING,99.51,2,CONFIRMED
BK-02334,2025-09-01,2025-09-03,sup-001,2,BOOKING,118.42,11,CONFIRMED
BK-02335,2025-09-01,2025-09-02,sup-001,2,DIRECT,137.35,1,CONFIRMED
BK-02336,2025-09-01,2025-09-04,dob-001,2,BOOKING,94.26,10,CONFIRMED
BK-02337,2025-09-02,2025-09-04,dob-001,1,EXPEDIA,103.28,11,CONFIRMED
BK-02338,2025-09-02,2025-09-04,sui-001,2,AIRBNB,170.07,1,CONFIRMED
BK-02339,2025-09-02,2025-09-03,dob-001,2,DIRECT,110.2,17,CONFIRMED
BK-02340,2025-09-02,2025-09-03,dob-001,1,DIRECT,111.54,10,CANCELLED
BK-02341,2025-09-02,2025-09-05,dob-001,2,EXPEDIA,99.18,7,CONFIRMED
BK-02342,2025-09-02,2025-09-03,dob-001,1,EXPEDIA,105.02,0,CONFIRMED
BK-02343,2025-09-02,2025-09-06,dob-001,2,BOOKING,105.09,18,CONFIRMED
BK-02344,2025-09-02,2025-09-04,dob-001,1,BOOKING,105.21,11,CONFIRMED
BK-02345,2025-09-03,2025-09-06,dob-001,2,DIRECT,107.44,0,CANCELLED
BK-02346,2025-09-03,2025-09-04,sup-001,2,AIRBNB,124.0,11,CONFIRMED
BK-02347,2025-09-03,2025-09-04,sup-001,2,EXPEDIA,138.57,2,CONFIRMED
BK-02348,2025-09-03,2025-09-04,dob-001,2,DIRECT,115.79,6,CONFIRMED
BK-02349,2025-09-03,2025-09-05,dob-001,2,AIRBNB,97.45,6,CONFIRMED
BK-02350,2025-09-03,2025-09-05,dob-001,2,EXPEDIA,103.13,15,CONFIRMED
BK-02351,2025-09-03,2025-09-07,sup-001,2,DIRECT,148.09,4,CONFIRMED
BK-02352,2025-09-03,2025-09-04,dob-001,2,DIRECT,117.95,13,CONFIRMED
BK-02353,2025-09-04,2025-09-06,dob-001,2,BOOKING,110.83,5,CONFIRMED
BK-02354,2025-09-04,2025-09-07,sup-001,2,DIRECT,155.86,0,CONFIRMED
BK-02355,2025-09-04,2025-09-05,dob-001,2,BOOKING,109.45,20,CONFIRMED
BK-02356,2025-09-04,2025-09-05,dob-001,2,DIRECT,119.38,9,CONFIRMED
BK-02357,2025-09-04,2025-09-07,dob-001,1,BOOKING,110.33,13,CONFIRMED
BK-02358,2025-09-04,2025-09-06,dob-001,1,EXPEDIA,108.89,8,CONFIRMED
BK-02359,2025-09-04,2025-09-06,dob-001,2,DIRECT,121.83,20,CONFIRMED
BK-02360,2025-09-04,2025-09-06,sup-001,2,BOOKING,140.24,8,CONFIRMED
BK-02361,2025-09-05,2025-09-08,dob-001,1,EXPEDIA,145.75,13,CONFIRMED
BK-02362,2025-09-05,2025-09-06,dob-001,1,EXPEDIA,137.47,36,CONFIRMED
BK-02363,2025-09-05,2025-09-07,dob-001,2,DIRECT,154.4,29,CONFIRMED
BK-02364,2025-09-05,2025-09-07,sup-001,2,DIRECT,193.62,15,CONFIRMED
BK-02365,2025-09-05,2025-09-07,dob-001,2,AIRBNB,133.57,4,CONFIRMED
BK-02366,2025-09-05,2025-09-06,dob-001,2,AIRBNB,138.96,9,CONFIRMED
BK-02367,2025-09-05,2025-09-07,dob-001,2,DIRECT,148.7,8,CONFIRMED
BK-02368,2025-09-05,2025-09-06,dob-001,2,EXPEDIA,137.75,15,CONFIRMED
BK-02369,2025-09-05,2025-09-06,dob-001,2,AIRBNB,128.93,9,CONFIRMED
BK-02370,2025-09-05,2025-09-06,sup-001,2,AIRBNB,171.05,10,CONFIRMED
BK-02371,2025-09-05,2025-09-08,dob-001,2,AIRBNB,126.46,2,NO_SHOW
BK-02372,2025-09-05,2025-09-09,sup-001,1,DIRECT,185.03,12,CONFIRMED
BK-02373,2025-09-05,2025-09-08,dob-001,2,DIRECT,156.72,9,CONFIRMED
BK-02374,2025-09-06,2025-09-08,dob-001,2,EXPEDIA,144.4,15,CONFIRMED
BK-02375,2025-09-06,2025-09-07,dob-001,1,DIRECT,162.78,16,CONFIRMED
BK-02376,2025-09-06,2025-09-08,dob-001,2,AIRBNB,131.74,6,CONFIRMED
BK-02377,2025-09-06,2025-09-07,dob-001,2,BOOKING,140.27,22,CONFIRMED
BK-02378,2025-09-06,2025-09-09,dob-001,2,BOOKING,137.95,2,CONFIRMED
BK-02379,2025-09-06,2025-09-08,dob-001,2,DIRECT,161.19,17,CONFIRMED
BK-02380,2025-09-06,2025-09-10,sui-001,2,BOOKING,241.03,22,CONFIRMED
BK-02381,2025-09-06,2025-09-07,sup-001,2,AIRBNB,180.15,15,CONFIRMED
BK-02382,2025-09-06,2025-09-07,sui-001,1,DIRECT,286.93,14,CONFIRMED
BK-02383,2025-09-06,2025-09-07,dob-001,2,EXPEDIA,146.01,0,CONFIRMED
BK-02384,2025-09-06,2025-09-08,sup-001,1,BOOKING,191.74,0,CONFIRMED
BK-02385,2025-09-06,2025-09-08,dob-001,1,DIRECT,150.93,1,CONFIRMED
BK-02386,2025-09-06,2025-09-08,sup-001,2,BOOKING,187.25,8,CONFIRMED
BK-02387,2025-09-07,2025-09-08,sup-001,2,BOOKING,149.84,7,CONFIRMED
BK-02388,2025-09-07,2025-09-08,sup-001,2,BOOKING,163.45,4,CONFIRMED
BK-02389,2025-09-07,2025-09-09,dob-001,2,DIRECT,129.59,15,CONFIRMED
BK-02390,2025-09-07,2025-09-09,sui-001,3,BOOKING,202.67,0,CONFIRMED
BK-02391,2025-09-07,2025-09-09,sui-001,3,DIRECT,220.22,4,CONFIRMED
BK-02392,2025-09-07,2025-09-08,dob-001,2,DIRECT,130.89,9,CONFIRMED
BK-02393,2025-09-07,2025-09-09,sup-001,1,DIRECT,172.73,7,CONFIRMED
BK-02394,2025-09-07,2025-09-09,sui-001,2,DIRECT,240.16,3,CONFIRMED
BK-02395,2025-09-08,2025-09-09,dob-001,2,DIRECT,140.31,0,CONFIRMED
BK-02396,2025-09-08,2025-09-11,sui-001,3,DIRECT,229.37,2,CONFIRMED
BK-02397,2025-09-08,2025-09-09,sui-001,2,DIRECT,229.24,1,CONFIRMED
BK-02398,2025-09-08,2025-09-09,sui-001,2,EXPEDIA,225.14,18,CONFIRMED
BK-02399,2025-09-08,2025-09-10,dob-001,1,DIRECT,142.21,12,CANCELLED
BK-02400,2025-09-08,2025-09-09,dob-001,2,DIRECT,131.69,2,CONFIRMED
BK-02401,2025-09-08,2025-09-10,dob-001,2,DIRECT,136.35,10,CONFIRMED
BK-02402,2025-09-08,2025-09-11,sui-001,3,DIRECT,231.96,7,CONFIRMED
BK-02403,2025-09-09,2025-09-10,dob-001,2,BOOKING,125.77,8,CANCELLED
BK-02404,2025-09-09,2025-09-10,dob-001,2,BOOKING,120.85,0,CANCELLED
BK-02405,2025-09-09,2025-09-14,sup-001,2,BOOKING,156.01,16,CONFIRMED
BK-02406,2025-09-09,2025-09-10,dob-001,2,AIRBNB,123.49,15,CONFIRMED
BK-02407,2025-09-09,2025-09-10,sup-001,1,BOOKING,159.72,13,CONFIRMED
BK-02408,2025-09-09,2025-09-13,dob-001,2,DIRECT,130.45,10,NO_SHOW
BK-02409,2025-09-09,2025-09-11,dob-001,1,BOOKING,126.85,8,CONFIRMED
BK-02410,2025-09-09,2025-09-11,dob-001,2,BOOKING,121.36,3,CONFIRMED
BK-02411,2025-09-10,2025-09-14,dob-001,2,EXPEDIA,126.18,19,CONFIRMED
BK-02412,2025-09-10,2025-09-12,dob-001,2,EXPEDIA,131.06,3,CONFIRMED
BK-02413,2025-09-10,2025-09-11,sup-001,1,DIRECT,170.88,0,CONFIRMED
BK-02414,2025-09-10,2025-09-12,dob-001,2,DIRECT,139.19,3,CONFIRMED
BK-02415,2025-09-10,2025-09-12,dob-001,1,AIRBNB,118.57,11,CONFIRMED
BK-02416,2025-09-10,2025-09-12,dob-001,2,DIRECT,136.73,14,CONFIRMED
BK-02417,2025-09-10,2025-09-16,sui-001,3,AIRBNB,205.66,0,CONFIRMED
BK-02418,2025-09-10,2025-09-14,dob-001,2,EXPEDIA,124.81,1,CONFIRMED
BK-02419,2025-09-11,2025-09-12,dob-001,2,DIRECT,134.18,6,CONFIRMED
BK-02420,2025-09-11,2025-09-12,sup-001,2,BOOKING,157.59,9,CONFIRMED
BK-02421,2025-09-11,2025-09-13,sui-001,2,BOOKING,224.91,13,CONFIRMED
BK-02422,2025-09-11,2025-09-13,sup-001,2,BOOKING,155.97,12,CONFIRMED
BK-02423,2025-09-11,2025-09-13,dob-001,1,AIRBNB,117.25,13,NO_SHOW
BK-02424,2025-09-11,2025-09-13,sui-001,3,DIRECT,226.8,7,CONFIRMED
BK-02425,2025-09-11,2025-09-12,sup-001,2,DIRECT,170.09,6,CANCELLED
BK-02426,2025-09-11,2025-09-12,dob-001,2,DIRECT,140.08,4,CONFIRMED
BK-02427,2025-09-12,2025-09-15,sup-001,1,DIRECT,207.43,22,CONFIRMED
BK-02428,2025-09-12,2025-09-13,dob-001,1,EXPEDIA,162.48,0,CONFIRMED
BK-02429,2025-09-12,2025-09-14,sup-001,2,DIRECT,226.42,21,CONFIRMED
BK-02430,2025-09-12,2025-09-14,dob-001,2,EXPEDIA,156.02,15,CONFIRMED
BK-02431,2025-09-12,2025-09-14,sui-001,2,BOOKING,259.86,16,CONFIRMED
BK-02432,2025-09-12,2025-09-13,dob-001,2,AIRBNB,151.49,30,CANCELLED
BK-02433,2025-09-12,2025-09-14,dob-001,1,BOOKING,154.12,32,CONFIRMED
BK-02434,2025-09-12,2025-09-14,dob-001,1,EXPEDIA,157.2,6,CONFIRMED
BK-02435,2025-09-12,2025-09-16,sui-001,2,AIRBNB,254.44,33,CONFIRMED
BK-02436,2025-09-12,2025-09-13,sup-001,2,BOOKING,197.73,0,CONFIRMED
BK-02437,2025-09-12,2025-09-13,dob-001,2,AIRBNB,146.42,7,CONFIRMED
BK-02438,2025-09-12,2025-09-15,sui-001,2,DIRECT,292.73,6,CONFIRMED
BK-02439,2025-09-12,2025-09-14,dob-001,2,DIRECT,175.3,7,CONFIRMED
BK-02440,2025-09-13,2025-09-15,sup-001,2,DIRECT,213.84,0,CANCELLED
BK-02441,2025-09-13,2025-09-14,dob-001,1,BOOKING,150.85,18,CONFIRMED
BK-02442,2025-09-13,2025-09-16,sup-001,1,DIRECT,211.25,21,CONFIRMED
BK-02443,2025-09-13,2025-09-14,sui-001,2,DIRECT,306.5,19,CONFIRMED
BK-02444,2025-09-13,2025-09-14,sup-001,2,EXPEDIA,191.88,16,CONFIRMED
BK-02445,2025-09-13,2025-09-14,sup-001,2,DIRECT,205.84,9,CONFIRMED
BK-02446,2025-09-13,2025-09-15,sup-001,2,AIRBNB,183.84,5,CONFIRMED
BK-02447,2025-09-13,2025-09-14,sui-001,2,BOOKING,276.5,21,CONFIRMED
BK-02448,2025-09-13,2025-09-17,sui-001,3,BOOKING,273.19,10,NO_SHOW
BK-02449,2025-09-13,2025-09-15,sui-001,3,AIRBNB,256.1,2,CONFIRMED
BK-02450,2025-09-13,2025-09-14,dob-001,1,AIRBNB,153.11,6,CONFIRMED
BK-02451,2025-09-13,2025-09-16,sup-001,2,DIRECT,215.76,23,CONFIRMED
BK-02452,2025-09-13,2025-09-15,dob-001,2,DIRECT,165.04,19,CONFIRMED
BK-02453,2025-09-14,2025-09-16,dob-001,1,BOOKING,129.72,10,CONFIRMED
BK-02454,2025-09-14,2025-09-15,sup-001,2,BOOKING,163.11,6,CONFIRMED
BK-02455,2025-09-14,2025-09-16,sui-001,2,EXPEDIA,214.14,8,CONFIRMED
BK-02456,2025-09-14,2025-09-16,dob-001,2,DIRECT,139.48,0,CONFIRMED
BK-02457,2025-09-14,2025-09-16,sup-001,1,EXPEDIA,170.76,9,CONFIRMED
BK-02458,2025-09-14,2025-09-15,dob-001,2,BOOKING,122.42,7,CONFIRMED
BK-02459,2025-09-14,2025-09-15,sup-001,2,AIRBNB,151.15,17,CONFIRMED
BK-02460,2025-09-14,2025-09-15,sui-001,1,DIRECT,230.24,0,CONFIRMED
BK-02461,2025-09-15,2025-09-16,sup-001,2,DIRECT,181.72,0,CONFIRMED
BK-02462,2025-09-15,2025-09-17,dob-001,1,DIRECT,135.91,4,CONFIRMED
BK-02463,2025-09-15,2025-09-16,dob-001,2,DIRECT,142.25,12,CONFIRMED
BK-02464,2025-09-15,2025-09-17,dob-001,1,DIRECT,137.81,11,CONFIRMED
BK-02465,2025-09-15,2025-09-16,dob-001,1,DIRECT,131.06,5,CANCELLED
BK-02466,2025-09-15,2025-09-17,sup-001,1,AIRBNB,150.65,2,CONFIRMED
BK-02467,2025-09-15,2025-09-16,sup-001,1,EXPEDIA,158.74,5,CONFIRMED
BK-02468,2025-09-15,2025-09-17,dob-001,1,EXPEDIA,122.61,8,CONFIRMED
BK-02469,2025-09-16,2025-09-18,sui-001,3,BOOKING,211.04,3,CONFIRMED
BK-02470,2025-09-16,2025-09-17,dob-001,2,BOOKING,128.34,6,CONFIRMED
BK-02471,2025-09-16,2025-09-18,sup-001,2,BOOKING,163.25,13,CONFIRMED
BK-02472,2025-09-16,2025-09-18,dob-001,2,DIRECT,140.45,16,CONFIRMED
BK-02473,2025-09-16,2025-09-17,dob-001,2,DIRECT,135.9,8,CONFIRMED
BK-02474,2025-09-16,2025-09-17,dob-001,1,BOOKING,130.3,10,CONFIRMED
BK-02475,2025-09-16,2025-09-18,sui-001,3,EXPEDIA,211.33,2,CONFIRMED
BK-02476,2025-09-16,2025-09-17,dob-001,1,BOOKING,129.31,0,CONFIRMED
BK-02477,2025-09-17,2025-09-19,dob-001,2,BOOKING,122.08,3,CANCELLED
BK-02478,2025-09-17,2025-09-18,dob-001,2,DIRECT,135.45,0,CONFIRMED
BK-02479,2025-09-17,2025-09-18,dob-001,2,DIRECT,132.22,5,CONFIRMED
BK-02480,2025-09-17,2025-09-18,dob-001,1,EXPEDIA,128.46,10,CONFIRMED
BK-02481,2025-09-17,2025-09-18,dob-001,2,EXPEDIA,125.91,15,CONFIRMED
BK-02482,2025-09-17,2025-09-21,sui-001,3,BOOKING,212.73,4,CANCELLED
BK-02483,2025-09-17,2025-09-18,dob-001,1,EXPEDIA,122.23,4,CONFIRMED
BK-02484,2025-09-17,2025-09-18,dob-001,2,DIRECT,142.17,2,NO_SHOW
BK-02485,2025-09-18,2025-09-19,sui-001,1,BOOKING,213.94,7,CONFIRMED
BK-02486,2025-09-18,2025-09-21,sup-001,1,DIRECT,181.89,12,CONFIRMED
BK-02487,2025-09-18,2025-09-19,dob-001,2,BOOKING,131.24,0,CONFIRMED
BK-02488,2025-09-18,2025-09-19,sup-001,2,DIRECT,182.71,9,CONFIRMED
BK-02489,2025-09-18,2025-09-19,sup-001,2,EXPEDIA,158.52,13,CONFIRMED
BK-02490,2025-09-18,2025-09-20,dob-001,1,AIRBNB,120.83,4,CANCELLED
BK-02491,2025-09-18,2025-09-22,dob-001,1,DIRECT,134.31,12,CONFIRMED
BK-02492,2025-09-18,2025-09-21,dob-001,2,BOOKING,131.26,10,CANCELLED
BK-02493,2025-09-19,2025-09-20,dob-001,2,DIRECT,168.92,3,CONFIRMED
BK-02494,2025-09-19,2025-09-22,dob-001,2,DIRECT,166.87,35,CONFIRMED
BK-02495,2025-09-19,2025-09-20,sui-001,3,BOOKING,283.42,13,NO_SHOW
BK-02496,2025-09-19,2025-09-25,dob-001,2,AIRBNB,143.75,23,CONFIRMED
BK-02497,2025-09-19,2025-09-23,sui-001,2,EXPEDIA,259.59,8,CONFIRMED
BK-02498,2025-09-19,2025-09-20,sup-001,1,EXPEDIA,204.13,28,CANCELLED
BK-02499,2025-09-19,2025-09-21,dob-001,1,EXPEDIA,149.68,23,CANCELLED
BK-02500,2025-09-19,2025-09-20,dob-001,1,BOOKING,151.83,0,CANCELLED
BK-02501,2025-09-19,2025-09-20,dob-001,1,AIRBNB,151.86,0,CONFIRMED
BK-02502,2025-09-19,2025-09-22,dob-001,2,EXPEDIA,155.19,22,CONFIRMED
BK-02503,2025-09-19,2025-09-20,sup-001,2,BOOKING,208.03,0,CONFIRMED
BK-02504,2025-09-19,2025-09-20,sui-001,2,BOOKING,268.95,10,CONFIRMED
BK-02505,2025-09-19,2025-09-20,dob-001,1,BOOKING,159.32,12,CANCELLED
BK-02506,2025-09-20,2025-09-23,sup-001,2,EXPEDIA,209.08,11,CONFIRMED
BK-02507,2025-09-20,2025-09-22,dob-001,1,EXPEDIA,150.24,25,CONFIRMED
BK-02508,2025-09-20,2025-09-21,dob-001,2,DIRECT,161.28,30,CANCELLED
BK-02509,2025-09-20,2025-09-21,dob-001,2,AIRBNB,147.9,28,CONFIRMED
BK-02510,2025-09-20,2025-09-21,sup-001,2,AIRBNB,184.73,5,CONFIRMED
BK-02511,2025-09-20,2025-09-21,sup-001,2,DIRECT,209.76,11,CONFIRMED
BK-02512,2025-09-20,2025-09-23,sup-001,2,EXPEDIA,209.86,0,CONFIRMED
BK-02513,2025-09-20,2025-09-23,dob-001,1,EXPEDIA,159.44,20,CONFIRMED
BK-02514,2025-09-20,2025-09-22,dob-001,2,DIRECT,159.29,26,CONFIRMED
BK-02515,2025-09-20,2025-09-22,dob-001,2,EXPEDIA,150.99,15,CONFIRMED
BK-02516,2025-09-20,2025-09-22,dob-001,2,AIRBNB,140.82,6,CONFIRMED
BK-02517,2025-09-20,2025-09-21,sui-001,2,DIRECT,283.37,22,CONFIRMED
BK-02518,2025-09-20,2025-09-21,sui-001,2,DIRECT,281.65,22,CONFIRMED
BK-02519,2025-09-21,2025-09-25,sup-001,1,AIRBNB,149.71,2,CANCELLED
BK-02520,2025-09-21,2025-09-24,dob-001,2,EXPEDIA,128.61,0,CONFIRMED
BK-02521,2025-09-21,2025-09-24,dob-001,2,EXPEDIA,122.34,7,CONFIRMED
BK-02522,2025-09-21,2025-09-22,sui-001,2,EXPEDIA,229.75,3,CANCELLED
BK-02523,2025-09-21,2025-09-23,dob-001,1,EXPEDIA,130.51,0,NO_SHOW
BK-02524,2025-09-21,2025-09-23,sup-001,2,EXPEDIA,157.52,24,CONFIRMED
BK-02525,2025-09-21,2025-09-22,sui-001,3,BOOKING,223.94,11,CONFIRMED
BK-02526,2025-09-21,2025-09-22,sui-001,3,AIRBNB,215.73,6,CONFIRMED
BK-02527,2025-09-22,2025-09-24,dob-001,1,BOOKING,122.68,3,CONFIRMED
BK-02528,2025-09-22,2025-09-23,dob-001,2,AIRBNB,121.53,7,CONFIRMED
BK-02529,2025-09-22,2025-09-23,dob-001,1,EXPEDIA,129.59,5,CONFIRMED
BK-02530,2025-09-22,2025-09-23,sup-001,2,EXPEDIA,155.64,8,CONFIRMED
BK-02531,2025-09-22,2025-09-24,sup-001,2,DIRECT,178.58,12,CONFIRMED
BK-02532,2025-09-22,2025-09-23,dob-001,1,EXPEDIA,131.27,0,CONFIRMED
BK-02533,2025-09-22,2025-09-23,dob-001,2,DIRECT,132.15,5,CONFIRMED
BK-02534,2025-09-22,2025-09-24,dob-001,1,BOOKING,119.71,0,CONFIRMED
BK-02535,2025-09-23,2025-09-24,dob-001,1,BOOKING,120.91,0,CONFIRMED
BK-02536,2025-09-23,2025-09-24,sup-001,2,DIRECT,180.2,0,CONFIRMED
BK-02537,2025-09-23,2025-09-27,dob-001,2,BOOKING,126.29,0,CONFIRMED
BK-02538,2025-09-23,2025-09-24,dob-001,2,BOOKING,127.28,12,CONFIRMED
BK-02539,2025-09-23,2025-09-24,sup-001,2,EXPEDIA,170.3,17,CONFIRMED
BK-02540,2025-09-23,2025-09-25,dob-001,1,BOOKING,131.49,4,CONFIRMED
BK-02541,2025-09-23,2025-09-25,sui-001,3,AIRBNB,215.13,9,CONFIRMED
BK-02542,2025-09-23,2025-09-24,dob-001,2,AIRBNB,121.34,9,CONFIRMED
BK-02543,2025-09-24,2025-09-25,dob-001,1,DIRECT,135.89,13,CONFIRMED
BK-02544,2025-09-24,2025-09-30,dob-001,2,BOOKING,125.75,0,CANCELLED
BK-02545,2025-09-24,2025-09-25,sup-001,2,BOOKING,161.7,3,CONFIRMED
BK-02546,2025-09-24,2025-09-26,dob-001,2,BOOKING,120.82,16,CONFIRMED
BK-02547,2025-09-24,2025-09-25,sup-001,2,DIRECT,174.13,8,CONFIRMED
BK-02548,2025-09-24,2025-09-26,dob-001,1,BOOKING,131.99,5,CONFIRMED
BK-02549,2025-09-24,2025-09-26,sup-001,2,AIRBNB,149.01,0,CONFIRMED
BK-02550,2025-09-24,2025-09-25,sup-001,2,DIRECT,179.62,0,CONFIRMED
BK-02551,2025-09-25,2025-09-26,dob-001,1,DIRECT,142.71,8,CONFIRMED
BK-02552,2025-09-25,2025-09-27,sui-001,2,AIRBNB,210.94,12,CONFIRMED
BK-02553,2025-09-25,2025-09-26,dob-001,2,AIRBNB,116.85,5,CONFIRMED
BK-02554,2025-09-25,2025-09-29,sui-001,2,EXPEDIA,211.08,12,CONFIRMED
BK-02555,2025-09-25,2025-09-27,sui-001,3,BOOKING,225.04,7,CONFIRMED
BK-02556,2025-09-25,2025-09-26,sui-001,2,BOOKING,228.81,1,CONFIRMED
BK-02557,2025-09-25,2025-09-27,dob-001,2,EXPEDIA,123.84,8,CONFIRMED
BK-02558,2025-09-25,2025-09-27,dob-001,2,BOOKING,128.13,8,NO_SHOW
BK-02559,2025-09-26,2025-09-28,dob-001,2,BOOKING,147.59,14,CONFIRMED
BK-02560,2025-09-26,2025-09-28,sui-001,3,DIRECT,292.76,18,CONFIRMED
BK-02561,2025-09-26,2025-09-27,dob-001,2,AIRBNB,145.56,2,CONFIRMED
BK-02562,2025-09-26,2025-09-28,dob-001,1,AIRBNB,140.73,1,CONFIRMED
BK-02563,2025-09-26,2025-09-27,dob-001,2,DIRECT,173.07,4,CONFIRMED
BK-02564,2025-09-26,2025-09-28,dob-001,1,BOOKING,158.86,5,CONFIRMED
BK-02565,2025-09-26,2025-09-29,dob-001,2,AIRBNB,149.36,18,CONFIRMED
BK-02566,2025-09-26,2025-09-30,sui-001,2,BOOKING,283.14,26,CONFIRMED
BK-02567,2025-09-26,2025-09-30,sup-001,2,DIRECT,214.12,13,CONFIRMED
BK-02568,2025-09-26,2025-09-27,dob-001,1,BOOKING,152.07,22,CONFIRMED
BK-02569,2025-09-26,2025-09-29,dob-001,2,DIRECT,166.94,18,CONFIRMED
BK-02570,2025-09-26,2025-09-27,dob-001,1,EXPEDIA,154.47,8,CONFIRMED
BK-02571,2025-09-26,2025-09-28,sup-001,2,EXPEDIA,191.14,22,CONFIRMED
BK-02572,2025-09-27,2025-10-02,sup-001,2,EXPEDIA,201.89,0,CONFIRMED
BK-02573,2025-09-27,2025-09-29,dob-001,1,AIRBNB,147.28,26,CONFIRMED
BK-02574,2025-09-27,2025-09-28,sui-001,3,DIRECT,303.41,21,CONFIRMED
BK-02575,2025-09-27,2025-09-28,dob-001,2,EXPEDIA,156.93,23,CANCELLED
BK-02576,2025-09-27,2025-09-28,dob-001,2,DIRECT,171.91,29,CONFIRMED
BK-02577,2025-09-27,2025-09-28,sup-001,2,DIRECT,208.63,14,CONFIRMED
BK-02578,2025-09-27,2025-10-03,dob-001,2,DIRECT,162.95,19,CONFIRMED
BK-02579,2025-09-27,2025-09-29,dob-001,2,DIRECT,174.91,4,CONFIRMED
BK-02580,2025-09-27,2025-09-30,dob-001,2,DIRECT,171.86,18,CONFIRMED
BK-02581,2025-09-27,2025-09-30,dob-001,1,DIRECT,162.17,36,CONFIRMED
BK-02582,2025-09-27,2025-09-29,dob-001,2,EXPEDIA,147.92,22,CONFIRMED
BK-02583,2025-09-27,2025-09-30,dob-001,1,EXPEDIA,159.88,0,CONFIRMED
BK-02584,2025-09-27,2025-09-29,sup-001,1,AIRBNB,184.06,20,CONFIRMED
BK-02585,2025-09-28,2025-09-30,dob-001,2,DIRECT,141.74,11,CONFIRMED
BK-02586,2025-09-28,2025-10-01,dob-001,2,BOOKING,131.26,0,CONFIRMED
BK-02587,2025-09-28,2025-09-30,sup-001,1,DIRECT,182.14,9,CONFIRMED
BK-02588,2025-09-28,2025-09-29,sui-001,2,BOOKING,229.77,0,CONFIRMED
BK-02589,2025-09-28,2025-09-30,dob-001,1,BOOKING,127.24,10,CONFIRMED
BK-02590,2025-09-28,2025-09-30,sup-001,2,EXPEDIA,159.2,8,CONFIRMED
BK-02591,2025-09-28,2025-09-30,dob-001,2,EXPEDIA,129.39,1,CONFIRMED
BK-02592,2025-09-28,2025-09-29,dob-001,1,DIRECT,136.5,1,CONFIRMED
BK-02593,2025-09-29,2025-09-30,sui-001,3,EXPEDIA,210.58,11,CONFIRMED
BK-02594,2025-09-29,2025-10-04,sui-001,3,DIRECT,237.78,0,CONFIRMED
BK-02595,2025-09-29,2025-10-01,sup-001,2,AIRBNB,150.78,0,CONFIRMED
BK-02596,2025-09-29,2025-10-01,dob-001,2,EXPEDIA,120.99,1,CONFIRMED
BK-02597,2025-09-29,2025-10-02,dob-001,2,AIRBNB,113.97,2,CONFIRMED
BK-02598,2025-09-29,2025-09-30,sui-001,2,DIRECT,242.55,5,CONFIRMED
BK-02599,2025-09-29,2025-10-02,dob-001,2,BOOKING,126.5,6,CANCELLED
BK-02600,2025-09-29,2025-10-04,dob-001,2,DIRECT,129.53,6,CANCELLED
BK-02601,2025-09-30,2025-10-02,dob-001,2,BOOKING,121.79,6,CONFIRMED
BK-02602,2025-09-30,2025-10-02,sui-001,2,BOOKING,222.97,8,CONFIRMED
BK-02603,2025-09-30,2025-10-01,sui-001,2,EXPEDIA,223.47,12,CONFIRMED
BK-02604,2025-09-30,2025-10-04,dob-001,1,BOOKING,122.03,2,CONFIRMED
BK-02605,2025-09-30,2025-10-02,sui-001,2,EXPEDIA,229.01,11,CONFIRMED
BK-02606,2025-09-30,2025-10-01,dob-001,1,EXPEDIA,126.92,12,CONFIRMED
BK-02607,2025-09-30,2025-10-01,sui-001,1,DIRECT,231.43,18,CANCELLED
BK-02608,2025-09-30,2025-10-01,dob-001,2,EXPEDIA,125.19,3,CONFIRMED
BK-02609,2025-10-01,2025-10-03,dob-001,2,DIRECT,142.26,5,CONFIRMED
BK-02610,2025-10-01,2025-10-02,dob-001,1,DIRECT,138.07,0,CONFIRMED
BK-02611,2025-10-01,2025-10-02,sup-001,1,DIRECT,171.77,7,CONFIRMED
BK-02612,2025-10-01,2025-10-04,dob-001,1,EXPEDIA,120.75,4,CONFIRMED
BK-02613,2025-10-01,2025-10-02,sui-001,3,EXPEDIA,228.95,4,CONFIRMED
BK-02614,2025-10-01,2025-10-03,sup-001,2,AIRBNB,162.21,16,CONFIRMED
BK-02615,2025-10-01,2025-10-02,dob-001,1,EXPEDIA,123.6,4,CONFIRMED
BK-02616,2025-10-01,2025-10-02,dob-001,1,EXPEDIA,121.94,6,CONFIRMED
BK-02617,2025-10-02,2025-10-05,sui-001,2,BOOKING,226.58,11,CONFIRMED
BK-02618,2025-10-02,2025-10-04,sui-001,3,DIRECT,244.69,0,CONFIRMED
BK-02619,2025-10-02,2025-10-03,dob-001,1,DIRECT,135.21,0,CONFIRMED
BK-02620,2025-10-02,2025-10-03,dob-001,1,DIRECT,133.15,0,CONFIRMED
BK-02621,2025-10-02,2025-10-04,sup-001,1,EXPEDIA,163.86,21,CONFIRMED
BK-02622,2025-10-02,2025-10-05,sui-001,3,DIRECT,245.89,1,CONFIRMED
BK-02623,2025-10-02,2025-10-04,dob-001,1,AIRBNB,122.07,10,CONFIRMED
BK-02624,2025-10-02,2025-10-04,dob-001,2,DIRECT,129.56,9,CONFIRMED
BK-02625,2025-10-03,2025-10-04,sup-001,1,DIRECT,209.91,13,CANCELLED
BK-02626,2025-10-03,2025-10-06,dob-001,2,DIRECT,162.28,1,CONFIRMED
BK-02627,2025-10-03,2025-10-05,dob-001,2,DIRECT,166.27,8,CANCELLED
BK-02628,2025-10-03,2025-10-04,sup-001,2,EXPEDIA,199.53,12,CONFIRMED
BK-02629,2025-10-03,2025-10-04,dob-001,2,EXPEDIA,156.1,17,CANCELLED
BK-02630,2025-10-03,2025-10-06,sui-001,3,BOOKING,282.05,9,CONFIRMED
BK-02631,2025-10-03,2025-10-06,dob-001,2,BOOKING,162.43,0,CONFIRMED
BK-02632,2025-10-03,2025-10-05,sui-001,2,EXPEDIA,264.81,0,CONFIRMED
BK-02633,2025-10-03,2025-10-07,sup-001,2,DIRECT,210.08,4,CONFIRMED
BK-02634,2025-10-03,2025-10-05,dob-001,2,DIRECT,175.54,0,CONFIRMED
BK-02635,2025-10-03,2025-10-04,dob-001,2,EXPEDIA,159.33,0,CONFIRMED
BK-02636,2025-10-03,2025-10-04,sui-001,2,AIRBNB,261.96,16,CONFIRMED
BK-02637,2025-10-03,2025-10-05,dob-001,2,BOOKING,149.03,24,CONFIRMED
BK-02638,2025-10-04,2025-10-05,sup-001,2,EXPEDIA,199.4,6,CONFIRMED
BK-02639,2025-10-04,2025-10-06,dob-001,1,BOOKING,157.46,0,CANCELLED
BK-02640,2025-10-04,2025-10-05,dob-001,1,EXPEDIA,162.85,23,CONFIRMED
BK-02641,2025-10-04,2025-10-05,sui-001,2,BOOKING,262.71,6,CANCELLED
BK-02642,2025-10-04,2025-10-06,sui-001,2,DIRECT,296.81,19,CONFIRMED
BK-02643,2025-10-04,2025-10-07,sup-001,2,DIRECT,205.92,7,CONFIRMED
BK-02644,2025-10-04,2025-10-05,dob-001,2,DIRECT,163.76,1,CONFIRMED
BK-02645,2025-10-04,2025-10-06,dob-001,2,BOOKING,157.08,23,NO_SHOW
BK-02646,2025-10-04,2025-10-06,dob-001,2,BOOKING,158.02,18,CONFIRMED
BK-02647,2025-10-04,2025-10-05,dob-001,2,BOOKING,159.93,24,CONFIRMED
BK-02648,2025-10-04,2025-10-07,sup-001,2,DIRECT,215.65,19,CONFIRMED
BK-02649,2025-10-04,2025-10-05,sui-001,2,BOOKING,279.16,21,CONFIRMED
BK-02650,2025-10-04,2025-10-05,dob-001,2,DIRECT,170.0,20,CONFIRMED
BK-02651,2025-10-05,2025-10-08,sup-001,1,DIRECT,169.43,11,CONFIRMED
BK-02652,2025-10-05,2025-10-06,dob-001,2,DIRECT,140.7,6,CONFIRMED
BK-02653,2025-10-05,2025-10-07,dob-001,2,DIRECT,137.08,21,CONFIRMED
BK-02654,2025-10-05,2025-10-07,dob-001,2,DIRECT,136.64,7,CONFIRMED
BK-02655,2025-10-05,2025-10-07,dob-001,2,BOOKING,132.1,12,CONFIRMED
BK-02656,2025-10-05,2025-10-06,dob-001,2,AIRBNB,114.28,10,CANCELLED
BK-02657,2025-10-05,2025-10-07,dob-001,2,EXPEDIA,127.22,0,CONFIRMED
BK-02658,2025-10-05,2025-10-06,sup-001,2,AIRBNB,155.51,0,CONFIRMED
BK-02659,2025-10-06,2025-10-07,sup-001,2,BOOKING,163.88,14,CONFIRMED
BK-02660,2025-10-06,2025-10-08,dob-001,1,EXPEDIA,125.65,6,CONFIRMED
BK-02661,2025-10-06,2025-10-08,dob-001,1,DIRECT,130.95,0,CONFIRMED
BK-02662,2025-10-06,2025-10-09,dob-001,2,DIRECT,137.38,13,CONFIRMED
BK-02663,2025-10-06,2025-10-08,dob-001,2,EXPEDIA,124.42,18,CONFIRMED
BK-02664,2025-10-06,2025-10-07,dob-001,2,DIRECT,141.66,1,CONFIRMED
BK-02665,2025-10-06,2025-10-07,sup-001,2,BOOKING,157.56,14,CONFIRMED
BK-02666,2025-10-06,2025-10-07,sup-001,2,DIRECT,174.71,21,CONFIRMED
BK-02667,2025-10-07,2025-10-09,dob-001,1,BOOKING,127.23,4,CONFIRMED
BK-02668,2025-10-07,2025-10-08,sup-001,2,DIRECT,170.94,1,CONFIRMED
BK-02669,2025-10-07,2025-10-10,dob-001,1,AIRBNB,123.64,7,CONFIRMED
BK-02670,2025-10-07,2025-10-08,sui-001,2,EXPEDIA,230.35,11,CONFIRMED
BK-02671,2025-10-07,2025-10-08,sui-001,2,EXPEDIA,219.69,0,CANCELLED
BK-02672,2025-10-07,2025-10-09,dob-001,2,BOOKING,124.07,0,CONFIRMED
BK-02673,2025-10-07,2025-10-09,dob-001,1,BOOKING,124.06,3,CONFIRMED
BK-02674,2025-10-07,2025-10-08,sup-001,2,BOOKING,160.61,16,CONFIRMED
BK-02675,2025-10-08,2025-10-09,dob-001,1,DIRECT,130.54,12,CONFIRMED
BK-02676,2025-10-08,2025-10-09,dob-001,2,BOOKING,124.19,8,CONFIRMED
BK-02677,2025-10-08,2025-10-09,dob-001,2,BOOKING,125.51,16,CONFIRMED
BK-02678,2025-10-08,2025-10-09,dob-001,2,EXPEDIA,123.35,15,CONFIRMED
BK-02679,2025-10-08,2025-10-09,sui-001,2,DIRECT,231.42,7,CONFIRMED
BK-02680,2025-10-08,2025-10-10,dob-001,1,EXPEDIA,131.27,10,CONFIRMED
BK-02681,2025-10-08,2025-10-09,sui-001,2,DIRECT,227.86,14,CONFIRMED
BK-02682,2025-10-08,2025-10-10,sup-001,1,BOOKING,161.69,20,CONFIRMED
BK-02683,2025-10-09,2025-10-10,dob-001,2,DIRECT,141.88,2,CONFIRMED
BK-02684,2025-10-09,2025-10-11,sup-001,2,EXPEDIA,163.8,16,CONFIRMED
BK-02685,2025-10-09,2025-10-10,dob-001,1,BOOKING,125.28,0,CONFIRMED
BK-02686,2025-10-09,2025-10-10,dob-001,2,EXPEDIA,123.61,7,CONFIRMED
BK-02687,2025-10-09,2025-10-10,dob-001,2,BOOKING,131.94,1,CONFIRMED
BK-02688,2025-10-09,2025-10-11,dob-001,2,BOOKING,121.11,1,CONFIRMED
BK-02689,2025-10-09,2025-10-11,dob-001,2,BOOKING,128.63,8,CONFIRMED
BK-02690,2025-10-09,2025-10-11,dob-001,2,BOOKING,131.1,23,CONFIRMED
BK-02691,2025-10-10,2025-10-11,dob-001,2,DIRECT,174.37,9,CONFIRMED
BK-02692,2025-10-10,2025-10-12,sup-001,2,BOOKING,208.06,29,CONFIRMED
BK-02693,2025-10-10,2025-10-13,sui-001,3,DIRECT,300.49,0,CONFIRMED
BK-02694,2025-10-10,2025-10-11,sui-001,2,DIRECT,300.17,10,CONFIRMED
BK-02695,2025-10-10,2025-10-13,sup-001,2,EXPEDIA,203.3,10,CONFIRMED
BK-02696,2025-10-10,2025-10-12,sui-001,1,DIRECT,295.75,25,CONFIRMED
BK-02697,2025-10-10,2025-10-14,dob-001,2,AIRBNB,147.42,15,CONFIRMED
BK-02698,2025-10-10,2025-10-12,sui-001,2,BOOKING,277.8,7,CONFIRMED
BK-02699,2025-10-10,2025-10-11,sup-001,2,BOOKING,195.41,17,CONFIRMED
BK-02700,2025-10-10,2025-10-12,sui-001,2,BOOKING,273.73,16,CANCELLED
BK-02701,2025-10-10,2025-10-11,sui-001,3,EXPEDIA,281.05,21,CONFIRMED
BK-02702,2025-10-10,2025-10-11,sui-001,2,BOOKING,281.47,3,CONFIRMED
BK-02703,2025-10-10,2025-10-12,sui-001,3,DIRECT,293.52,18,CONFIRMED
BK-02704,2025-10-11,2025-10-13,sup-001,2,BOOKING,203.9,6,CONFIRMED
BK-02705,2025-10-11,2025-10-13,dob-001,2,DIRECT,159.44,14,CONFIRMED
BK-02706,2025-10-11,2025-10-13,sui-001,3,AIRBNB,261.85,27,CONFIRMED
BK-02707,2025-10-11,2025-10-12,dob-001,1,EXPEDIA,159.85,0,CONFIRMED
BK-02708,2025-10-11,2025-10-13,sui-001,2,DIRECT,287.5,10,CONFIRMED
BK-02709,2025-10-11,2025-10-12,sup-001,2,DIRECT,213.93,16,CONFIRMED
BK-02710,2025-10-11,2025-10-14,dob-001,2,DIRECT,169.32,2,CONFIRMED
BK-02711,2025-10-11,2025-10-12,sup-001,2,DIRECT,226.84,5,CONFIRMED
BK-02712,2025-10-11,2025-10-14,sui-001,2,BOOKING,270.31,5,CANCELLED
BK-02713,2025-10-11,2025-10-13,dob-001,2,AIRBNB,145.21,7,CONFIRMED
BK-02714,2025-10-11,2025-10-12,sui-001,2,DIRECT,279.97,14,CONFIRMED
BK-02715,2025-10-11,2025-10-13,dob-001,2,DIRECT,166.34,21,CONFIRMED
BK-02716,2025-10-11,2025-10-12,sup-001,2,DIRECT,217.01,4,CONFIRMED
BK-02717,2025-10-12,2025-10-13,dob-001,2,DIRECT,142.87,10,CONFIRMED
BK-02718,2025-10-12,2025-10-16,dob-001,1,BOOKING,130.01,7,CONFIRMED
BK-02719,2025-10-12,2025-10-13,sui-001,3,DIRECT,239.26,17,CANCELLED
BK-02720,2025-10-12,2025-10-17,dob-001,1,DIRECT,135.02,9,CONFIRMED
BK-02721,2025-10-12,2025-10-14,sui-001,2,DIRECT,240.02,0,CONFIRMED
BK-02722,2025-10-12,2025-10-14,sup-001,2,AIRBNB,147.58,9,CONFIRMED
BK-02723,2025-10-12,2025-10-13,dob-001,2,EXPEDIA,119.75,0,CONFIRMED
BK-02724,2025-10-12,2025-10-14,dob-001,1,EXPEDIA,125.42,0,CONFIRMED
BK-02725,2025-10-13,2025-10-14,dob-001,1,AIRBNB,120.15,12,CONFIRMED
BK-02726,2025-10-13,2025-10-14,sui-001,2,BOOKING,209.94,0,CONFIRMED
BK-02727,2025-10-13,2025-10-16,sui-001,3,AIRBNB,216.19,7,CONFIRMED
BK-02728,2025-10-13,2025-10-15,sup-001,2,DIRECT,175.84,0,CONFIRMED
BK-02729,2025-10-13,2025-10-14,dob-001,2,BOOKING,122.5,6,CONFIRMED
BK-02730,2025-10-13,2025-10-14,dob-001,2,EXPEDIA,120.89,0,CONFIRMED
BK-02731,2025-10-13,2025-10-15,sup-001,1,BOOKING,168.83,11,CANCELLED
BK-02732,2025-10-13,2025-10-14,sui-001,1,DIRECT,230.21,19,CONFIRMED
BK-02733,2025-10-14,2025-10-15,dob-001,1,EXPEDIA,128.82,14,CONFIRMED
BK-02734,2025-10-14,2025-10-16,dob-001,2,DIRECT,130.05,1,CONFIRMED
BK-02735,2025-10-14,2025-10-16,sup-001,1,EXPEDIA,167.32,10,CONFIRMED
BK-02736,2025-10-14,2025-10-16,sui-001,2,DIRECT,228.59,12,CONFIRMED
BK-02737,2025-10-14,2025-10-15,sup-001,2,EXPEDIA,162.34,0,CONFIRMED
BK-02738,2025-10-14,2025-10-19,sup-001,2,AIRBNB,149.63,1,CONFIRMED
BK-02739,2025-10-14,2025-10-16,dob-001,1,DIRECT,138.06,5,CONFIRMED
BK-02740,2025-10-14,2025-10-15,dob-001,2,DIRECT,131.89,21,CONFIRMED
BK-02741,2025-10-15,2025-10-16,dob-001,1,EXPEDIA,128.45,11,CONFIRMED
BK-02742,2025-10-15,2025-10-19,dob-001,1,DIRECT,139.88,12,CONFIRMED
BK-02743,2025-10-15,2025-10-18,dob-001,1,BOOKING,127.05,12,CONFIRMED
BK-02744,2025-10-15,2025-10-17,dob-001,1,BOOKING,122.77,23,CONFIRMED
BK-02745,2025-10-15,2025-10-17,dob-001,1,AIRBNB,122.72,4,CONFIRMED
BK-02746,2025-10-15,2025-10-17,dob-001,1,DIRECT,134.46,4,CONFIRMED
BK-02747,2025-10-15,2025-10-17,dob-001,2,AIRBNB,123.57,7,CONFIRMED
BK-02748,2025-10-15,2025-10-19,dob-001,2,EXPEDIA,132.28,8,CONFIRMED
BK-02749,2025-10-16,2025-10-17,dob-001,2,EXPEDIA,122.79,12,CONFIRMED
BK-02750,2025-10-16,2025-10-21,dob-001,2,EXPEDIA,129.61,7,CONFIRMED
BK-02751,2025-10-16,2025-10-17,sui-001,2,DIRECT,240.23,4,CONFIRMED
BK-02752,2025-10-16,2025-10-17,sup-001,2,EXPEDIA,164.11,11,CONFIRMED
BK-02753,2025-10-16,2025-10-19,dob-001,2,EXPEDIA,122.0,3,CONFIRMED
BK-02754,2025-10-16,2025-10-17,sup-001,2,DIRECT,168.37,3,CONFIRMED
BK-02755,2025-10-16,2025-10-19,dob-001,1,EXPEDIA,130.12,18,CANCELLED
BK-02756,2025-10-16,2025-10-18,dob-001,1,DIRECT,137.1,19,CONFIRMED
BK-02757,2025-10-17,2025-10-21,dob-001,2,BOOKING,153.75,18,CONFIRMED
BK-02758,2025-10-17,2025-10-18,sup-001,2,BOOKING,200.09,2,CONFIRMED
BK-02759,2025-10-17,2025-10-20,dob-001,2,AIRBNB,153.49,0,CONFIRMED
BK-02760,2025-10-17,2025-10-18,dob-001,1,BOOKING,154.27,22,CONFIRMED
BK-02761,2025-10-17,2025-10-22,sup-001,1,AIRBNB,183.45,9,CONFIRMED
BK-02762,2025-10-17,2025-10-18,dob-001,2,BOOKING,161.96,32,CONFIRMED
BK-02763,2025-10-17,2025-10-21,sup-001,2,DIRECT,212.78,18,CONFIRMED
BK-02764,2025-10-17,2025-10-19,dob-001,1,BOOKING,148.08,18,CANCELLED
BK-02765,2025-10-17,2025-10-18,dob-001,2,AIRBNB,140.24,20,CONFIRMED
BK-02766,2025-10-17,2025-10-18,dob-001,2,EXPEDIA,149.77,28,CANCELLED
BK-02767,2025-10-17,2025-10-20,dob-001,1,DIRECT,167.97,15,CONFIRMED
BK-02768,2025-10-17,2025-10-18,dob-001,2,EXPEDIA,149.2,14,CONFIRMED
BK-02769,2025-10-17,2025-10-19,dob-001,2,BOOKING,159.86,17,NO_SHOW
BK-02770,2025-10-18,2025-10-22,dob-001,1,AIRBNB,149.35,17,CONFIRMED
BK-02771,2025-10-18,2025-10-19,sui-001,3,BOOKING,279.08,3,CONFIRMED
BK-02772,2025-10-18,2025-10-20,sup-001,2,BOOKING,205.18,7,CONFIRMED
BK-02773,2025-10-18,2025-10-23,dob-001,2,AIRBNB,143.9,3,CONFIRMED
BK-02774,2025-10-18,2025-10-19,dob-001,2,AIRBNB,147.69,10,CANCELLED
BK-02775,2025-10-18,2025-10-19,sup-001,1,DIRECT,207.8,17,CONFIRMED
BK-02776,2025-10-18,2025-10-19,sui-001,2,EXPEDIA,265.11,12,CONFIRMED
BK-02777,2025-10-18,2025-10-20,dob-001,1,AIRBNB,152.6,16,CANCELLED
BK-02778,2025-10-18,2025-10-19,dob-001,1,DIRECT,159.77,21,CONFIRMED
BK-02779,2025-10-18,2025-10-22,dob-001,1,BOOKING,154.18,8,CONFIRMED
BK-02780,2025-10-18,2025-10-19,dob-001,1,DIRECT,171.36,0,CONFIRMED
BK-02781,2025-10-18,2025-10-20,sup-001,1,BOOKING,200.78,26,CONFIRMED
BK-02782,2025-10-18,2025-10-20,sup-001,1,AIRBNB,183.64,7,CONFIRMED
BK-02783,2025-10-19,2025-10-21,dob-001,1,DIRECT,141.7,10,CONFIRMED
BK-02784,2025-10-19,2025-10-20,sup-001,2,DIRECT,184.48,10,CONFIRMED
BK-02785,2025-10-19,2025-10-20,dob-001,1,DIRECT,133.79,15,CONFIRMED
BK-02786,2025-10-19,2025-10-21,sup-001,2,AIRBNB,161.95,4,CONFIRMED
BK-02787,2025-10-19,2025-10-20,dob-001,2,EXPEDIA,121.88,14,CONFIRMED
BK-02788,2025-10-19,2025-10-20,dob-001,1,DIRECT,136.38,8,CONFIRMED
BK-02789,2025-10-19,2025-10-20,dob-001,2,EXPEDIA,128.96,10,CONFIRMED
BK-02790,2025-10-19,2025-10-20,sui-001,1,BOOKING,215.31,6,CONFIRMED
BK-02791,2025-10-20,2025-10-21,dob-001,2,BOOKING,130.93,9,CONFIRMED
BK-02792,2025-10-20,2025-10-22,sui-001,3,DIRECT,233.51,19,CANCELLED
BK-02793,2025-10-20,2025-10-21,dob-001,2,BOOKING,120.02,2,CONFIRMED
BK-02794,2025-10-20,2025-10-21,sup-001,2,DIRECT,177.98,19,CONFIRMED
BK-02795,2025-10-20,2025-10-22,dob-001,1,BOOKING,125.89,0,CONFIRMED
BK-02796,2025-10-20,2025-10-21,dob-001,2,AIRBNB,115.23,4,CONFIRMED
BK-02797,2025-10-20,2025-10-24,dob-001,2,BOOKING,124.58,13,CONFIRMED
BK-02798,2025-10-20,2025-10-22,dob-001,1,BOOKING,132.09,0,CONFIRMED
BK-02799,2025-10-21,2025-10-23,sui-001,3,BOOKING,215.42,0,CONFIRMED
BK-02800,2025-10-21,2025-10-23,sup-001,2,EXPEDIA,165.01,11,CONFIRMED
BK-02801,2025-10-21,2025-10-22,dob-001,1,AIRBNB,117.32,0,CONFIRMED
BK-02802,2025-10-21,2025-10-22,dob-001,2,AIRBNB,117.39,6,CONFIRMED
BK-02803,2025-10-21,2025-10-23,dob-001,1,BOOKING,125.15,17,CONFIRMED
BK-02804,2025-10-21,2025-10-23,dob-001,1,BOOKING,121.87,13,CONFIRMED
BK-02805,2025-10-21,2025-10-23,sui-001,2,DIRECT,243.15,7,CONFIRMED
BK-02806,2025-10-21,2025-10-22,dob-001,2,BOOKING,119.73,3,CONFIRMED
BK-02807,2025-10-22,2025-10-23,sup-001,2,DIRECT,181.15,0,CONFIRMED
BK-02808,2025-10-22,2025-10-24,sup-001,2,DIRECT,184.44,6,CONFIRMED
BK-02809,2025-10-22,2025-10-25,dob-001,2,DIRECT,131.47,11,CONFIRMED
BK-02810,2025-10-22,2025-10-23,sui-001,2,EXPEDIA,213.59,6,CONFIRMED
BK-02811,2025-10-22,2025-10-23,sui-001,2,BOOKING,230.33,6,CONFIRMED
BK-02812,2025-10-22,2025-10-23,dob-001,2,EXPEDIA,132.14,6,CONFIRMED
BK-02813,2025-10-22,2025-10-23,dob-001,1,EXPEDIA,131.2,11,CONFIRMED
BK-02814,2025-10-22,2025-10-23,dob-001,2,DIRECT,141.78,0,CONFIRMED
BK-02815,2025-10-23,2025-10-24,dob-001,2,DIRECT,138.15,0,CONFIRMED
BK-02816,2025-10-23,2025-10-25,dob-001,2,DIRECT,141.89,2,CONFIRMED
BK-02817,2025-10-23,2025-10-27,sup-001,2,EXPEDIA,156.22,14,CONFIRMED
BK-02818,2025-10-23,2025-10-26,sup-001,2,BOOKING,160.55,9,CONFIRMED
BK-02819,2025-10-23,2025-10-24,dob-001,2,DIRECT,129.58,0,CONFIRMED
BK-02820,2025-10-23,2025-10-25,sui-001,3,EXPEDIA,209.55,4,CONFIRMED
BK-02821,2025-10-23,2025-10-25,dob-001,2,EXPEDIA,120.05,10,CONFIRMED
BK-02822,2025-10-23,2025-10-24,sup-001,2,BOOKING,169.16,5,CONFIRMED
BK-02823,2025-10-24,2025-10-27,sup-001,2,BOOKING,194.45,8,CONFIRMED
BK-02824,2025-10-24,2025-10-25,dob-001,2,BOOKING,161.44,14,CONFIRMED
BK-02825,2025-10-24,2025-10-26,dob-001,2,BOOKING,160.93,7,CONFIRMED
BK-02826,2025-10-24,2025-10-25,dob-001,2,EXPEDIA,159.86,20,CONFIRMED
BK-02827,2025-10-24,2025-10-27,dob-001,1,AIRBNB,154.75,11,CONFIRMED
BK-02828,2025-10-24,2025-10-26,sup-001,2,BOOKING,203.84,15,CONFIRMED
BK-02829,2025-10-24,2025-10-27,dob-001,1,EXPEDIA,160.66,11,CONFIRMED
BK-02830,2025-10-24,2025-10-25,sui-001,3,EXPEDIA,266.82,7,CONFIRMED
BK-02831,2025-10-24,2025-10-27,sup-001,2,AIRBNB,185.1,36,CONFIRMED
BK-02832,2025-10-24,2025-10-29,dob-001,2,AIRBNB,153.26,14,CONFIRMED
BK-02833,2025-10-24,2025-10-27,dob-001,2,EXPEDIA,151.95,22,CONFIRMED
BK-02834,2025-10-24,2025-10-26,sui-001,1,DIRECT,300.39,4,CANCELLED
BK-02835,2025-10-24,2025-10-27,sup-001,2,EXPEDIA,191.91,19,CONFIRMED
BK-02836,2025-10-25,2025-10-26,dob-001,2,EXPEDIA,151.98,21,CONFIRMED
BK-02837,2025-10-25,2025-10-26,sup-001,2,EXPEDIA,192.36,15,CONFIRMED
BK-02838,2025-10-25,2025-10-28,dob-001,1,AIRBNB,143.92,26,CONFIRMED
BK-02839,2025-10-25,2025-10-27,sui-001,2,EXPEDIA,264.78,22,CONFIRMED
BK-02840,2025-10-25,2025-10-27,dob-001,1,AIRBNB,141.22,11,CONFIRMED
BK-02841,2025-10-25,2025-10-27,dob-001,1,EXPEDIA,149.0,15,CONFIRMED
BK-02842,2025-10-25,2025-10-26,dob-001,2,AIRBNB,152.07,2,CONFIRMED
BK-02843,2025-10-25,2025-10-26,dob-001,1,BOOKING,162.85,0,CONFIRMED
BK-02844,2025-10-25,2025-10-26,sup-001,1,BOOKING,199.34,20,CONFIRMED
BK-02845,2025-10-25,2025-10-26,dob-001,2,EXPEDIA,154.93,19,CONFIRMED
BK-02846,2025-10-25,2025-10-27,sui-001,3,BOOKING,271.29,0,CONFIRMED
BK-02847,2025-10-25,2025-10-26,dob-001,1,DIRECT,167.71,22,CONFIRMED
BK-02848,2025-10-25,2025-10-27,dob-001,1,DIRECT,164.84,0,CONFIRMED
BK-02849,2025-10-26,2025-10-27,sup-001,2,BOOKING,159.5,10,CONFIRMED
BK-02850,2025-10-26,2025-10-27,dob-001,1,DIRECT,134.41,14,CONFIRMED
BK-02851,2025-10-26,2025-10-28,dob-001,2,DIRECT,142.43,1,CONFIRMED
BK-02852,2025-10-26,2025-10-27,dob-001,2,DIRECT,136.47,16,CONFIRMED
BK-02853,2025-10-26,2025-10-29,sup-001,2,BOOKING,169.56,12,CONFIRMED
BK-02854,2025-10-26,2025-10-27,dob-001,1,EXPEDIA,129.53,8,CONFIRMED
BK-02855,2025-10-26,2025-10-27,sup-001,1,DIRECT,175.32,13,CONFIRMED
BK-02856,2025-10-26,2025-10-28,sup-001,2,AIRBNB,153.52,0,CONFIRMED
BK-02857,2025-10-27,2025-10-28,dob-001,2,DIRECT,136.08,0,CONFIRMED
BK-02858,2025-10-27,2025-10-29,sui-001,2,DIRECT,228.07,10,CONFIRMED
BK-02859,2025-10-27,2025-10-28,sup-001,2,EXPEDIA,161.16,9,CONFIRMED
BK-02860,2025-10-27,2025-10-29,sui-001,1,DIRECT,248.71,11,CONFIRMED
BK-02861,2025-10-27,2025-10-28,dob-001,2,EXPEDIA,127.35,2,CONFIRMED
BK-02862,2025-10-27,2025-10-28,sui-001,3,DIRECT,247.26,0,CONFIRMED
BK-02863,2025-10-27,2025-10-28,dob-001,2,EXPEDIA,121.0,11,CONFIRMED
BK-02864,2025-10-27,2025-10-29,dob-001,2,DIRECT,129.68,7,CONFIRMED
BK-02865,2025-10-28,2025-10-29,dob-001,2,AIRBNB,116.9,23,CONFIRMED
BK-02866,2025-10-28,2025-10-29,sup-001,1,EXPEDIA,168.74,18,CONFIRMED
BK-02867,2025-10-28,2025-10-31,dob-001,2,EXPEDIA,125.32,20,CONFIRMED
BK-02868,2025-10-28,2025-10-31,sup-001,2,EXPEDIA,157.84,14,CONFIRMED
BK-02869,2025-10-28,2025-10-31,dob-001,2,DIRECT,140.28,7,CONFIRMED
BK-02870,2025-10-28,2025-10-29,dob-001,2,BOOKING,119.77,10,CANCELLED
BK-02871,2025-10-28,2025-10-30,dob-001,2,EXPEDIA,127.46,20,CONFIRMED
BK-02872,2025-10-28,2025-11-02,sup-001,2,DIRECT,177.61,12,CONFIRMED
BK-02873,2025-10-29,2025-10-31,dob-001,2,AIRBNB,115.13,19,CONFIRMED
BK-02874,2025-10-29,2025-10-30,dob-001,2,DIRECT,135.12,14,CONFIRMED
BK-02875,2025-10-29,2025-10-30,dob-001,1,BOOKING,126.67,13,CONFIRMED
BK-02876,2025-10-29,2025-11-03,dob-001,1,BOOKING,127.09,19,CONFIRMED
BK-02877,2025-10-29,2025-10-31,dob-001,2,BOOKING,132.22,18,CONFIRMED
BK-02878,2025-10-29,2025-11-01,sup-001,1,DIRECT,179.55,7,CONFIRMED
BK-02879,2025-10-29,2025-11-02,dob-001,2,EXPEDIA,129.49,9,CONFIRMED
BK-02880,2025-10-29,2025-11-01,sui-001,1,DIRECT,239.86,0,CONFIRMED
BK-02881,2025-10-30,2025-10-31,dob-001,1,AIRBNB,115.72,7,CONFIRMED
BK-02882,2025-10-30,2025-10-31,dob-001,2,EXPEDIA,124.04,7,CONFIRMED
BK-02883,2025-10-30,2025-10-31,sui-001,2,AIRBNB,217.8,1,CONFIRMED
BK-02884,2025-10-30,2025-10-31,dob-001,2,BOOKING,128.46,16,CONFIRMED
BK-02885,2025-10-30,2025-10-31,dob-001,1,EXPEDIA,121.76,11,CONFIRMED
BK-02886,2025-10-30,2025-10-31,dob-001,1,BOOKING,126.48,1,CONFIRMED
BK-02887,2025-10-30,2025-10-31,sup-001,2,EXPEDIA,155.55,19,CONFIRMED
BK-02888,2025-10-30,2025-11-01,sup-001,2,BOOKING,164.62,14,CONFIRMED
BK-02889,2025-10-31,2025-11-01,sui-001,2,DIRECT,289.62,5,CONFIRMED
BK-02890,2025-10-31,2025-11-03,dob-001,2,BOOKING,157.42,15,CONFIRMED
BK-02891,2025-10-31,2025-11-03,sup-001,2,DIRECT,207.37,20,CONFIRMED
BK-02892,2025-10-31,2025-11-02,dob-001,2,DIRECT,173.6,21,CANCELLED
BK-02893,2025-10-31,2025-11-01,dob-001,2,EXPEDIA,161.53,13,CANCELLED
BK-02894,2025-10-31,2025-11-03,sup-001,2,BOOKING,191.01,18,CONFIRMED
BK-02895,2025-10-31,2025-11-01,sup-001,2,EXPEDIA,194.31,19,CONFIRMED
BK-02896,2025-10-31,2025-11-01,sup-001,2,EXPEDIA,196.85,8,CONFIRMED
BK-02897,2025-10-31,2025-11-02,dob-001,2,DIRECT,167.94,15,CONFIRMED
BK-02898,2025-10-31,2025-11-03,dob-001,1,BOOKING,162.59,33,CONFIRMED
BK-02899,2025-10-31,2025-11-02,dob-001,1,AIRBNB,143.85,0,CONFIRMED
BK-02900,2025-10-31,2025-11-01,sup-001,2,AIRBNB,194.98,9,CONFIRMED
BK-02901,2025-10-31,2025-11-01,sui-001,2,BOOKING,263.46,1,CONFIRMED
BK-02902,2025-11-01,2025-11-02,dob-001,2,DIRECT,141.61,0,CONFIRMED
BK-02903,2025-11-01,2025-11-03,dob-001,1,DIRECT,140.47,1,CONFIRMED
BK-02904,2025-11-01,2025-11-02,sui-001,3,BOOKING,233.56,0,CONFIRMED
BK-02905,2025-11-01,2025-11-03,sui-001,2,AIRBNB,227.59,15,CONFIRMED
BK-02906,2025-11-01,2025-11-03,dob-001,1,BOOKING,128.64,8,CONFIRMED
BK-02907,2025-11-01,2025-11-02,dob-001,2,EXPEDIA,128.65,25,CONFIRMED
BK-02908,2025-11-01,2025-11-02,dob-001,2,BOOKING,131.1,20,CONFIRMED
BK-02909,2025-11-01,2025-11-05,sup-001,2,BOOKING,166.51,2,NO_SHOW
BK-02910,2025-11-01,2025-11-04,sup-001,1,BOOKING,176.9,18,CANCELLED
BK-02911,2025-11-01,2025-11-02,dob-001,2,DIRECT,145.93,17,CONFIRMED
BK-02912,2025-11-01,2025-11-04,dob-001,1,BOOKING,129.89,0,CONFIRMED
BK-02913,2025-11-01,2025-11-02,sui-001,3,EXPEDIA,240.67,15,CONFIRMED
BK-02914,2025-11-01,2025-11-02,sup-001,1,DIRECT,177.9,17,CONFIRMED
BK-02915,2025-11-02,2025-11-03,dob-001,2,DIRECT,111.82,4,CONFIRMED
BK-02916,2025-11-02,2025-11-03,sup-001,1,DIRECT,157.16,14,CANCELLED
BK-02917,2025-11-02,2025-11-04,dob-001,1,DIRECT,120.5,17,CONFIRMED
BK-02918,2025-11-02,2025-11-07,dob-001,1,AIRBNB,102.86,1,CONFIRMED
BK-02919,2025-11-02,2025-11-03,sui-001,2,BOOKING,195.16,6,CONFIRMED
BK-02920,2025-11-02,2025-11-05,sup-001,1,EXPEDIA,135.29,10,CONFIRMED
BK-02921,2025-11-02,2025-11-03,dob-001,2,AIRBNB,98.88,13,CONFIRMED
BK-02922,2025-11-02,2025-11-03,dob-001,2,DIRECT,121.49,11,CONFIRMED
BK-02923,2025-11-03,2025-11-04,dob-001,2,BOOKING,112.52,0,CONFIRMED
BK-02924,2025-11-03,2025-11-06,dob-001,1,DIRECT,118.08,8,CONFIRMED
BK-02925,2025-11-03,2025-11-04,dob-001,1,BOOKING,107.37,2,CONFIRMED
BK-02926,2025-11-03,2025-11-06,sui-001,2,BOOKING,185.22,14,CONFIRMED
BK-02927,2025-11-03,2025-11-06,dob-001,1,DIRECT,116.6,7,CONFIRMED
BK-02928,2025-11-03,2025-11-04,dob-001,2,EXPEDIA,106.8,4,CONFIRMED
BK-02929,2025-11-03,2025-11-05,dob-001,1,AIRBNB,99.78,7,CONFIRMED
BK-02930,2025-11-03,2025-11-04,sui-001,1,BOOKING,182.82,0,CONFIRMED
BK-02931,2025-11-04,2025-11-06,dob-001,2,DIRECT,116.65,13,CANCELLED
BK-02932,2025-11-04,2025-11-07,dob-001,2,BOOKING,106.82,7,CONFIRMED
BK-02933,2025-11-04,2025-11-05,dob-001,1,BOOKING,108.36,2,CONFIRMED
BK-02934,2025-11-04,2025-11-05,dob-001,2,DIRECT,119.4,4,CONFIRMED
BK-02935,2025-11-04,2025-11-06,dob-001,2,AIRBNB,101.32,0,CONFIRMED
BK-02936,2025-11-04,2025-11-06,dob-001,2,EXPEDIA,105.37,8,CONFIRMED
BK-02937,2025-11-04,2025-11-06,dob-001,1,EXPEDIA,113.02,0,CONFIRMED
BK-02938,2025-11-04,2025-11-06,dob-001,1,AIRBNB,102.78,2,CONFIRMED
BK-02939,2025-11-05,2025-11-06,sup-001,2,DIRECT,143.29,13,CANCELLED
BK-02940,2025-11-05,2025-11-06,dob-001,2,EXPEDIA,106.76,18,CONFIRMED
BK-02941,2025-11-05,2025-11-06,dob-001,2,BOOKING,105.28,11,CONFIRMED
BK-02942,2025-11-05,2025-11-06,dob-001,1,BOOKING,109.56,4,CONFIRMED
BK-02943,2025-11-05,2025-11-06,sup-001,2,BOOKING,135.08,18,CONFIRMED
BK-02944,2025-11-05,2025-11-06,dob-001,2,AIRBNB,105.43,18,CONFIRMED
BK-02945,2025-11-05,2025-11-07,sup-001,2,BOOKING,141.96,9,CONFIRMED
BK-02946,2025-11-05,2025-11-06,sup-001,1,BOOKING,136.78,18,CONFIRMED
BK-02947,2025-11-06,2025-11-08,sup-001,2,EXPEDIA,142.87,0,CONFIRMED
BK-02948,2025-11-06,2025-11-12,dob-001,1,DIRECT,114.34,7,CONFIRMED
BK-02949,2025-11-06,2025-11-09,dob-001,1,EXPEDIA,110.86,0,CONFIRMED
BK-02950,2025-11-06,2025-11-07,dob-001,1,EXPEDIA,104.62,2,CONFIRMED
BK-02951,2025-11-06,2025-11-07,dob-001,2,EXPEDIA,104.67,7,CANCELLED
BK-02952,2025-11-06,2025-11-08,sup-001,2,EXPEDIA,141.91,6,CONFIRMED
BK-02953,2025-11-06,2025-11-08,sup-001,1,DIRECT,154.72,1,CONFIRMED
BK-02954,2025-11-06,2025-11-07,sup-001,2,DIRECT,151.17,0,CANCELLED
BK-02955,2025-11-07,2025-11-08,sui-001,2,DIRECT,253.77,29,CONFIRMED
BK-02956,2025-11-07,2025-11-09,sup-001,1,AIRBNB,170.74,17,CONFIRMED
BK-02957,2025-11-07,2025-11-12,dob-001,1,BOOKING,131.97,16,CONFIRMED
BK-02958,2025-11-07,2025-11-08,dob-001,2,DIRECT,142.83,0,CONFIRMED
BK-02959,2025-11-07,2025-11-08,dob-001,1,BOOKING,136.28,16,NO_SHOW
BK-02960,2025-11-07,2025-11-09,dob-001,2,EXPEDIA,135.63,35,CONFIRMED
BK-02961,2025-11-07,2025-11-08,sui-001,1,EXPEDIA,235.97,14,CONFIRMED
BK-02962,2025-11-07,2025-11-08,sui-001,1,DIRECT,252.17,13,CONFIRMED
BK-02963,2025-11-07,2025-11-09,sui-001,1,AIRBNB,230.52,13,CONFIRMED
BK-02964,2025-11-07,2025-11-10,sup-001,1,EXPEDIA,179.42,31,CONFIRMED
BK-02965,2025-11-07,2025-11-08,sup-001,2,DIRECT,192.66,11,CONFIRMED
BK-02966,2025-11-07,2025-11-09,dob-001,2,BOOKING,139.19,11,CONFIRMED
BK-02967,2025-11-07,2025-11-08,dob-001,1,DIRECT,147.59,0,CANCELLED
BK-02968,2025-11-08,2025-11-11,sui-001,3,DIRECT,239.39,9,CONFIRMED
BK-02969,2025-11-08,2025-11-10,dob-001,1,BOOKING,130.07,6,CONFIRMED
BK-02970,2025-11-08,2025-11-10,dob-001,2,BOOKING,134.38,5,CONFIRMED
BK-02971,2025-11-08,2025-11-11,sui-001,2,DIRECT,242.26,16,CONFIRMED
BK-02972,2025-11-08,2025-11-10,dob-001,2,BOOKING,139.63,14,CONFIRMED
BK-02973,2025-11-08,2025-11-10,dob-001,1,AIRBNB,128.31,17,CONFIRMED
BK-02974,2025-11-08,2025-11-09,sup-001,2,BOOKING,163.37,4,CONFIRMED
BK-02975,2025-11-08,2025-11-10,dob-001,2,DIRECT,141.89,9,CONFIRMED
BK-02976,2025-11-08,2025-11-09,dob-001,2,DIRECT,143.1,27,CANCELLED
BK-02977,2025-11-08,2025-11-09,dob-001,2,AIRBNB,123.24,20,CONFIRMED
BK-02978,2025-11-08,2025-11-10,dob-001,2,DIRECT,141.91,0,CONFIRMED
BK-02979,2025-11-08,2025-11-10,dob-001,1,EXPEDIA,133.07,10,CONFIRMED
BK-02980,2025-11-08,2025-11-10,dob-001,1,BOOKING,135.45,4,CANCELLED
BK-02981,2025-11-09,2025-11-12,sui-001,2,EXPEDIA,186.21,3,CONFIRMED
BK-02982,2025-11-09,2025-11-11,sup-001,2,BOOKING,142.46,6,CONFIRMED
BK-02983,2025-11-09,2025-11-15,dob-001,1,AIRBNB,105.43,0,CONFIRMED
BK-02984,2025-11-09,2025-11-10,sui-001,1,BOOKING,190.27,11,CONFIRMED
BK-02985,2025-11-09,2025-11-12,dob-001,2,AIRBNB,103.68,12,CONFIRMED
BK-02986,2025-11-09,2025-11-10,dob-001,2,BOOKING,107.1,8,CONFIRMED
BK-02987,2025-11-09,2025-11-11,dob-001,2,AIRBNB,107.58,12,CONFIRMED
BK-02988,2025-11-09,2025-11-13,sui-001,2,EXPEDIA,190.95,2,CANCELLED
BK-02989,2025-11-10,2025-11-12,sui-001,3,DIRECT,204.42,11,CONFIRMED
BK-02990,2025-11-10,2025-11-12,sup-001,2,DIRECT,147.66,1,CONFIRMED
BK-02991,2025-11-10,2025-11-12,dob-001,2,DIRECT,111.92,17,CONFIRMED
BK-02992,2025-11-10,2025-11-12,dob-001,2,DIRECT,122.37,0,CONFIRMED
BK-02993,2025-11-10,2025-11-11,dob-001,1,AIRBNB,107.01,17,CONFIRMED
BK-02994,2025-11-10,2025-11-12,dob-001,1,EXPEDIA,110.6,5,CONFIRMED
BK-02995,2025-11-10,2025-11-13,sup-001,2,AIRBNB,128.6,7,CONFIRMED
BK-02996,2025-11-10,2025-11-12,sup-001,2,DIRECT,145.12,10,CONFIRMED
BK-02997,2025-11-11,2025-11-13,sup-001,2,BOOKING,145.64,13,CONFIRMED
BK-02998,2025-11-11,2025-11-14,dob-001,2,DIRECT,111.46,17,CONFIRMED
BK-02999,2025-11-11,2025-11-12,dob-001,2,DIRECT,120.14,0,CONFIRMED
BK-03000,2025-11-11,2025-11-12,sup-001,2,AIRBNB,133.43,11,CANCELLED
BK-03001,2025-11-11,2025-11-13,sui-001,3,AIRBNB,180.16,13,CONFIRMED
BK-03002,2025-11-11,2025-11-12,sui-001,2,EXPEDIA,188.03,6,CANCELLED
BK-03003,2025-11-11,2025-11-12,dob-001,2,BOOKING,112.49,13,CANCELLED
BK-03004,2025-11-11,2025-11-13,sup-001,1,EXPEDIA,145.63,16,CONFIRMED
BK-03005,2025-11-12,2025-11-13,dob-001,1,DIRECT,114.49,10,CONFIRMED
BK-03006,2025-11-12,2025-11-13,dob-001,2,BOOKING,103.39,16,CONFIRMED
BK-03007,2025-11-12,2025-11-13,sui-001,1,DIRECT,196.91,0,CONFIRMED
BK-03008,2025-11-12,2025-11-14,dob-001,2,EXPEDIA,104.74,0,CONFIRMED
BK-03009,2025-11-12,2025-11-13,dob-001,1,DIRECT,114.02,0,CONFIRMED
BK-03010,2025-11-12,2025-11-14,dob-001,1,DIRECT,115.99,29,CONFIRMED
BK-03011,2025-11-12,2025-11-13,sui-001,2,DIRECT,208.04,19,NO_SHOW
BK-03012,2025-11-12,2025-11-13,dob-001,2,EXPEDIA,109.4,0,CONFIRMED
BK-03013,2025-11-13,2025-11-15,sui-001,3,AIRBNB,173.56,0,CONFIRMED
BK-03014,2025-11-13,2025-11-14,dob-001,1,DIRECT,111.24,0,CANCELLED
BK-03015,2025-11-13,2025-11-15,sup-001,1,BOOKING,143.79,6,CONFIRMED
BK-03016,2025-11-13,2025-11-16,dob-001,2,DIRECT,118.61,0,CONFIRMED
BK-03017,2025-11-13,2025-11-15,dob-001,1,AIRBNB,97.59,4,CONFIRMED
BK-03018,2025-11-13,2025-11-16,dob-001,1,DIRECT,112.18,7,CONFIRMED
BK-03019,2025-11-13,2025-11-14,dob-001,2,EXPEDIA,111.29,2,CONFIRMED
BK-03020,2025-11-13,2025-11-14,dob-001,2,BOOKING,110.57,5,CONFIRMED
BK-03021,2025-11-14,2025-11-16,dob-001,2,AIRBNB,128.85,27,CONFIRMED
BK-03022,2025-11-14,2025-11-15,dob-001,1,BOOKING,134.49,9,CONFIRMED
BK-03023,2025-11-14,2025-11-19,dob-001,2,BOOKING,129.55,15,CONFIRMED
BK-03024,2025-11-14,2025-11-15,sup-001,1,DIRECT,181.9,20,NO_SHOW
BK-03025,2025-11-14,2025-11-16,sui-001,1,BOOKING,237.97,11,CONFIRMED
BK-03026,2025-11-14,2025-11-16,sup-001,2,AIRBNB,166.2,15,CONFIRMED
BK-03027,2025-11-14,2025-11-16,dob-001,2,DIRECT,148.95,0,CONFIRMED
BK-03028,2025-11-14,2025-11-15,dob-001,1,AIRBNB,121.35,0,CONFIRMED
BK-03029,2025-11-14,2025-11-15,dob-001,1,DIRECT,138.23,8,CONFIRMED
BK-03030,2025-11-14,2025-11-15,sup-001,2,DIRECT,194.67,17,CONFIRMED
BK-03031,2025-11-14,2025-11-15,dob-001,2,BOOKING,135.87,6,CONFIRMED
BK-03032,2025-11-14,2025-11-16,dob-001,1,AIRBNB,131.35,15,CONFIRMED
BK-03033,2025-11-14,2025-11-17,sup-001,1,AIRBNB,168.54,9,CONFIRMED
BK-03034,2025-11-15,2025-11-17,sup-001,2,BOOKING,177.09,30,CONFIRMED
BK-03035,2025-11-15,2025-11-16,sui-001,2,BOOKING,229.67,0,CONFIRMED
BK-03036,2025-11-15,2025-11-16,sui-001,3,BOOKING,224.23,3,CONFIRMED
BK-03037,2025-11-15,2025-11-17,dob-001,1,BOOKING,137.22,6,CONFIRMED
BK-03038,2025-11-15,2025-11-16,dob-001,2,BOOKING,126.99,19,CONFIRMED
BK-03039,2025-11-15,2025-11-18,sup-001,2,DIRECT,178.57,26,CONFIRMED
BK-03040,2025-11-15,2025-11-17,sui-001,3,BOOKING,238.45,14,CONFIRMED
BK-03041,2025-11-15,2025-11-16,sup-001,2,DIRECT,184.87,7,CONFIRMED
BK-03042,2025-11-15,2025-11-17,dob-001,1,BOOKING,135.04,0,CONFIRMED
BK-03043,2025-11-15,2025-11-16,dob-001,2,DIRECT,141.53,31,CONFIRMED
BK-03044,2025-11-15,2025-11-17,sup-001,2,DIRECT,194.55,33,CONFIRMED
BK-03045,2025-11-15,2025-11-16,sup-001,2,DIRECT,182.45,12,CANCELLED
BK-03046,2025-11-15,2025-11-16,dob-001,2,DIRECT,145.07,22,CONFIRMED
BK-03047,2025-11-16,2025-11-17,dob-001,2,DIRECT,115.55,7,CONFIRMED
BK-03048,2025-11-16,2025-11-18,sui-001,1,EXPEDIA,188.91,0,CONFIRMED
BK-03049,2025-11-16,2025-11-17,dob-001,2,DIRECT,114.42,12,CONFIRMED
BK-03050,2025-11-16,2025-11-17,dob-001,2,DIRECT,115.73,0,CONFIRMED
BK-03051,2025-11-16,2025-11-17,sui-001,3,DIRECT,201.56,5,CONFIRMED
BK-03052,2025-11-16,2025-11-17,dob-001,2,BOOKING,103.57,6,CONFIRMED
BK-03053,2025-11-16,2025-11-17,dob-001,1,BOOKING,105.36,10,CONFIRMED
BK-03054,2025-11-16,2025-11-17,dob-001,2,DIRECT,119.09,8,CONFIRMED
BK-03055,2025-11-17,2025-11-19,sui-001,1,BOOKING,188.39,0,CONFIRMED
BK-03056,2025-11-17,2025-11-19,dob-001,2,DIRECT,118.31,0,CONFIRMED
BK-03057,2025-11-17,2025-11-19,dob-001,2,BOOKING,104.92,11,CANCELLED
BK-03058,2025-11-17,2025-11-20,dob-001,1,BOOKING,109.16,1,CONFIRMED
BK-03059,2025-11-17,2025-11-19,dob-001,2,BOOKING,104.61,6,CONFIRMED
BK-03060,2025-11-17,2025-11-19,dob-001,2,BOOKING,108.45,4,CONFIRMED
BK-03061,2025-11-17,2025-11-18,dob-001,2,BOOKING,105.21,1,CONFIRMED
BK-03062,2025-11-17,2025-11-20,dob-001,2,EXPEDIA,111.09,2,CONFIRMED
BK-03063,2025-11-18,2025-11-20,dob-001,1,AIRBNB,100.78,17,CONFIRMED
BK-03064,2025-11-18,2025-11-21,sup-001,2,AIRBNB,134.08,0,CONFIRMED
BK-03065,2025-11-18,2025-11-19,sup-001,2,DIRECT,153.99,10,CONFIRMED
BK-03066,2025-11-18,2025-11-20,sui-001,2,DIRECT,205.66,5,CONFIRMED
BK-03067,2025-11-18,2025-11-24,dob-001,2,DIRECT,114.23,9,CONFIRMED
BK-03068,2025-11-18,2025-11-19,dob-001,2,EXPEDIA,112.21,0,CONFIRMED
BK-03069,2025-11-18,2025-11-20,dob-001,1,DIRECT,112.29,12,CONFIRMED
BK-03070,2025-11-18,2025-11-21,dob-001,2,BOOKING,109.32,0,CONFIRMED
BK-03071,2025-11-19,2025-11-23,dob-001,1,DIRECT,113.3,11,CONFIRMED
BK-03072,2025-11-19,2025-11-21,dob-001,2,BOOKING,112.47,0,CONFIRMED
BK-03073,2025-11-19,2025-11-21,dob-001,2,DIRECT,111.2,5,CONFIRMED
BK-03074,2025-11-19,2025-11-23,dob-001,1,EXPEDIA,102.64,0,CONFIRMED
BK-03075,2025-11-19,2025-11-20,sup-001,1,BOOKING,136.77,11,CONFIRMED
BK-03076,2025-11-19,2025-11-20,sup-001,2,EXPEDIA,136.68,14,CONFIRMED
BK-03077,2025-11-19,2025-11-22,dob-001,2,DIRECT,116.71,0,CONFIRMED
BK-03078,2025-11-19,2025-11-20,dob-001,2,BOOKING,107.24,8,CONFIRMED
BK-03079,2025-11-20,2025-11-23,dob-001,2,DIRECT,120.69,3,CONFIRMED
BK-03080,2025-11-20,2025-11-21,sup-001,1,AIRBNB,126.84,1,CONFIRMED
BK-03081,2025-11-20,2025-11-21,sup-001,2,BOOKING,140.71,2,CONFIRMED
BK-03082,2025-11-20,2025-11-22,sup-001,2,EXPEDIA,144.27,6,CONFIRMED
BK-03083,2025-11-20,2025-11-21,sup-001,2,BOOKING,136.92,0,CONFIRMED
BK-03084,2025-11-20,2025-11-23,dob-001,2,BOOKING,111.49,1,CONFIRMED
BK-03085,2025-11-20,2025-11-21,sup-001,1,DIRECT,144.66,0,CONFIRMED
BK-03086,2025-11-20,2025-11-22,dob-001,2,BOOKING,109.63,0,CONFIRMED
BK-03087,2025-11-21,2025-11-24,sup-001,1,DIRECT,189.32,14,CANCELLED
BK-03088,2025-11-21,2025-11-23,dob-001,2,EXPEDIA,128.23,15,CONFIRMED
BK-03089,2025-11-21,2025-11-23,dob-001,2,BOOKING,138.77,8,CANCELLED
BK-03090,2025-11-21,2025-11-22,dob-001,2,BOOKING,137.68,31,CONFIRMED
BK-03091,2025-11-21,2025-11-23,sup-001,1,AIRBNB,156.05,4,CONFIRMED
BK-03092,2025-11-21,2025-11-26,sup-001,2,DIRECT,189.28,2,CONFIRMED
BK-03093,2025-11-21,2025-11-22,sui-001,2,EXPEDIA,234.59,8,CONFIRMED
BK-03094,2025-11-21,2025-11-24,dob-001,1,DIRECT,143.92,29,CONFIRMED
BK-03095,2025-11-21,2025-11-23,sup-001,2,BOOKING,163.33,10,CONFIRMED
BK-03096,2025-11-21,2025-11-24,sup-001,2,DIRECT,191.91,7,CONFIRMED
BK-03097,2025-11-21,2025-11-24,dob-001,1,BOOKING,138.39,21,CONFIRMED
BK-03098,2025-11-21,2025-11-23,sup-001,1,BOOKING,179.2,19,CONFIRMED
BK-03099,2025-11-21,2025-11-22,sui-001,2,EXPEDIA,227.14,35,CONFIRMED
BK-03100,2025-11-22,2025-11-23,dob-001,2,DIRECT,147.82,29,CONFIRMED
BK-03101,2025-11-22,2025-11-24,dob-001,2,DIRECT,141.19,5,CONFIRMED
BK-03102,2025-11-22,2025-11-25,dob-001,1,AIRBNB,127.52,18,CONFIRMED
BK-03103,2025-11-22,2025-11-23,dob-001,2,DIRECT,150.86,0,CONFIRMED
BK-03104,2025-11-22,2025-11-24,dob-001,2,EXPEDIA,136.12,9,CONFIRMED
BK-03105,2025-11-22,2025-11-26,dob-001,1,BOOKING,138.6,16,CONFIRMED
BK-03106,2025-11-22,2025-11-23,dob-001,2,DIRECT,137.21,6,CONFIRMED
BK-03107,2025-11-22,2025-11-24,sup-001,2,DIRECT,188.73,13,CONFIRMED
BK-03108,2025-11-22,2025-11-24,dob-001,2,BOOKING,132.85,7,CONFIRMED
BK-03109,2025-11-22,2025-11-25,sui-001,2,BOOKING,227.46,11,CONFIRMED
BK-03110,2025-11-22,2025-11-23,dob-001,1,DIRECT,137.12,18,CONFIRMED
BK-03111,2025-11-22,2025-11-24,dob-001,2,BOOKING,134.03,0,CONFIRMED
BK-03112,2025-11-22,2025-11-24,dob-001,1,DIRECT,141.36,12,CONFIRMED
BK-03113,2025-11-23,2025-11-25,sui-001,3,DIRECT,199.43,11,CONFIRMED
BK-03114,2025-11-23,2025-11-26,sup-001,1,DIRECT,156.86,15,CONFIRMED
BK-03115,2025-11-23,2025-11-25,sup-001,1,DIRECT,147.83,11,CONFIRMED
BK-03116,2025-11-23,2025-11-24,dob-001,2,EXPEDIA,108.35,7,CONFIRMED
BK-03117,2025-11-23,2025-11-25,dob-001,1,AIRBNB,100.21,0,CONFIRMED
BK-03118,2025-11-23,2025-11-25,sui-001,1,DIRECT,208.69,6,CONFIRMED
BK-03119,2025-11-23,2025-11-24,sui-001,3,BOOKING,190.33,8,CONFIRMED
BK-03120,2025-11-23,2025-11-25,dob-001,2,DIRECT,119.4,1,CONFIRMED
BK-03121,2025-11-24,2025-11-26,dob-001,2,EXPEDIA,112.62,0,CONFIRMED
BK-03122,2025-11-24,2025-11-27,dob-001,2,BOOKING,104.56,10,CONFIRMED
BK-03123,2025-11-24,2025-11-26,sup-001,2,BOOKING,144.99,15,CONFIRMED
BK-03124,2025-11-24,2025-11-26,sup-001,1,BOOKING,137.85,6,CONFIRMED
BK-03125,2025-11-24,2025-11-25,dob-001,2,DIRECT,112.59,14,CONFIRMED
BK-03126,2025-11-24,2025-11-26,dob-001,2,DIRECT,116.67,8,CONFIRMED
BK-03127,2025-11-24,2025-11-29,sup-001,1,AIRBNB,136.67,5,CONFIRMED
BK-03128,2025-11-24,2025-11-25,sup-001,2,EXPEDIA,141.28,6,CONFIRMED
BK-03129,2025-11-25,2025-11-27,dob-001,2,BOOKING,103.36,0,NO_SHOW
BK-03130,2025-11-25,2025-11-26,sup-001,1,DIRECT,158.02,1,CONFIRMED
BK-03131,2025-11-25,2025-11-27,sui-001,1,BOOKING,186.22,9,CONFIRMED
BK-03132,2025-11-25,2025-11-27,dob-001,2,DIRECT,122.33,15,CONFIRMED
BK-03133,2025-11-25,2025-11-27,sup-001,2,DIRECT,149.32,6,CONFIRMED
BK-03134,2025-11-25,2025-11-28,dob-001,2,AIRBNB,99.02,15,CONFIRMED
BK-03135,2025-11-25,2025-11-27,sup-001,2,DIRECT,148.16,0,CONFIRMED
BK-03136,2025-11-25,2025-11-28,dob-001,1,BOOKING,111.12,1,CONFIRMED
BK-03137,2025-11-26,2025-11-27,dob-001,2,EXPEDIA,109.61,15,CONFIRMED
BK-03138,2025-11-26,2025-11-29,dob-001,2,BOOKING,103.0,16,CANCELLED
BK-03139,2025-11-26,2025-11-28,dob-001,2,DIRECT,117.88,0,CONFIRMED
BK-03140,2025-11-26,2025-11-27,dob-001,2,EXPEDIA,109.74,4,CONFIRMED
BK-03141,2025-11-26,2025-11-28,sup-001,2,DIRECT,152.38,0,CONFIRMED
BK-03142,2025-11-26,2025-11-28,sui-001,3,AIRBNB,176.93,7,CONFIRMED
BK-03143,2025-11-26,2025-11-29,dob-001,2,BOOKING,112.1,12,CONFIRMED
BK-03144,2025-11-26,2025-11-27,dob-001,2,BOOKING,107.35,0,CONFIRMED
BK-03145,2025-11-27,2025-11-28,sui-001,2,BOOKING,189.31,1,CONFIRMED
BK-03146,2025-11-27,2025-11-28,sup-001,2,DIRECT,146.28,0,CONFIRMED
BK-03147,2025-11-27,2025-11-28,sui-001,2,DIRECT,197.02,9,CONFIRMED
BK-03148,2025-11-27,2025-11-29,dob-001,1,DIRECT,122.36,5,CONFIRMED
BK-03149,2025-11-27,2025-11-29,dob-001,2,BOOKING,109.5,8,CONFIRMED
BK-03150,2025-11-27,2025-11-29,sui-001,1,BOOKING,183.94,7,CONFIRMED
BK-03151,2025-11-27,2025-11-30,sui-001,2,BOOKING,190.41,5,CONFIRMED
BK-03152,2025-11-27,2025-11-30,dob-001,2,AIRBNB,106.25,26,CONFIRMED
BK-03153,2025-11-28,2025-12-01,sui-001,2,DIRECT,251.44,11,CONFIRMED
BK-03154,2025-11-28,2025-12-01,sup-001,2,BOOKING,175.41,20,CONFIRMED
BK-03155,2025-11-28,2025-12-01,dob-001,2,EXPEDIA,136.7,0,CONFIRMED
BK-03156,2025-11-28,2025-11-29,dob-001,1,BOOKING,138.67,12,CONFIRMED
BK-03157,2025-11-28,2025-11-30,sup-001,1,AIRBNB,167.13,30,CONFIRMED
BK-03158,2025-11-28,2025-11-29,dob-001,2,EXPEDIA,137.01,24,CONFIRMED
BK-03159,2025-11-28,2025-11-30,dob-001,1,DIRECT,139.05,6,CONFIRMED
BK-03160,2025-11-28,2025-11-30,dob-001,2,BOOKING,138.67,15,CONFIRMED
BK-03161,2025-11-28,2025-11-30,dob-001,2,AIRBNB,132.07,5,CONFIRMED
BK-03162,2025-11-28,2025-11-29,sui-001,2,EXPEDIA,236.24,17,CONFIRMED
BK-03163,2025-11-28,2025-12-01,sui-001,3,DIRECT,256.48,12,CONFIRMED
BK-03164,2025-11-28,2025-11-30,dob-001,1,EXPEDIA,132.39,25,CONFIRMED
BK-03165,2025-11-28,2025-12-04,dob-001,2,BOOKING,139.67,1,CONFIRMED
BK-03166,2025-11-29,2025-12-01,sui-001,2,DIRECT,254.86,22,CANCELLED
BK-03167,2025-11-29,2025-12-01,sui-001,2,BOOKING,241.95,16,CONFIRMED
BK-03168,2025-11-29,2025-12-01,dob-001,2,DIRECT,142.46,9,NO_SHOW
BK-03169,2025-11-29,2025-11-30,sui-001,3,AIRBNB,230.53,10,CANCELLED
BK-03170,2025-11-29,2025-12-02,dob-001,2,DIRECT,140.38,31,CANCELLED
BK-03171,2025-11-29,2025-11-30,sup-001,1,AIRBNB,161.98,7,CONFIRMED
BK-03172,2025-11-29,2025-12-01,dob-001,2,DIRECT,141.22,17,CONFIRMED
BK-03173,2025-11-29,2025-11-30,sup-001,1,BOOKING,178.02,17,CONFIRMED
BK-03174,2025-11-29,2025-11-30,dob-001,1,BOOKING,128.27,20,CONFIRMED
BK-03175,2025-11-29,2025-12-02,sup-001,2,DIRECT,186.87,18,CONFIRMED
BK-03176,2025-11-29,2025-11-30,sup-001,2,AIRBNB,160.57,19,CONFIRMED
BK-03177,2025-11-29,2025-11-30,sup-001,2,DIRECT,181.88,27,CONFIRMED
BK-03178,2025-11-29,2025-11-30,dob-001,2,AIRBNB,124.17,1,CONFIRMED
BK-03179,2025-11-30,2025-12-02,sui-001,1,DIRECT,213.68,11,CONFIRMED
BK-03180,2025-11-30,2025-12-04,sup-001,2,DIRECT,145.85,22,CONFIRMED
BK-03181,2025-11-30,2025-12-01,sui-001,2,DIRECT,201.29,7,CONFIRMED
BK-03182,2025-11-30,2025-12-02,dob-001,2,DIRECT,120.48,12,CONFIRMED
BK-03183,2025-11-30,2025-12-01,dob-001,2,DIRECT,114.5,0,CONFIRMED
BK-03184,2025-11-30,2025-12-03,dob-001,1,DIRECT,113.65,6,CONFIRMED
BK-03185,2025-11-30,2025-12-01,dob-001,1,DIRECT,111.51,9,CONFIRMED
BK-03186,2025-11-30,2025-12-02,sup-001,1,AIRBNB,127.02,0,CONFIRMED
BK-03187,2025-12-01,2025-12-02,dob-001,2,DIRECT,110.98,0,CONFIRMED
BK-03188,2025-12-01,2025-12-02,sup-001,1,BOOKING,141.33,0,CONFIRMED
BK-03189,2025-12-01,2025-12-02,dob-001,2,DIRECT,110.83,0,CONFIRMED
BK-03190,2025-12-01,2025-12-04,sui-001,2,EXPEDIA,180.91,0,CONFIRMED
BK-03191,2025-12-01,2025-12-02,sui-001,1,EXPEDIA,197.67,7,CONFIRMED
BK-03192,2025-12-01,2025-12-02,dob-001,2,BOOKING,102.8,9,CANCELLED
BK-03193,2025-12-01,2025-12-04,dob-001,2,DIRECT,115.58,7,CONFIRMED
BK-03194,2025-12-01,2025-12-02,dob-001,2,DIRECT,111.03,5,CONFIRMED
BK-03195,2025-12-02,2025-12-03,sui-001,2,AIRBNB,173.03,9,CONFIRMED
BK-03196,2025-12-02,2025-12-08,dob-001,2,DIRECT,118.56,9,CONFIRMED
BK-03197,2025-12-02,2025-12-03,dob-001,1,EXPEDIA,103.42,5,CONFIRMED
BK-03198,2025-12-02,2025-12-03,sup-001,1,DIRECT,146.56,5,CONFIRMED
BK-03199,2025-12-02,2025-12-03,dob-001,2,BOOKING,105.34,13,CONFIRMED
BK-03200,2025-12-02,2025-12-03,sui-001,1,DIRECT,204.13,16,CONFIRMED
BK-03201,2025-12-02,2025-12-05,dob-001,2,BOOKING,107.24,6,CONFIRMED
BK-03202,2025-12-02,2025-12-04,dob-001,2,EXPEDIA,107.32,15,CONFIRMED
BK-03203,2025-12-03,2025-12-05,dob-001,2,BOOKING,109.35,2,CONFIRMED
BK-03204,2025-12-03,2025-12-05,dob-001,2,DIRECT,114.71,0,CONFIRMED
BK-03205,2025-12-03,2025-12-04,dob-001,1,AIRBNB,105.31,10,CONFIRMED
BK-03206,2025-12-03,2025-12-04,dob-001,2,EXPEDIA,109.29,2,CONFIRMED
BK-03207,2025-12-03,2025-12-04,dob-001,2,DIRECT,118.95,7,CONFIRMED
BK-03208,2025-12-03,2025-12-06,dob-001,2,EXPEDIA,106.85,20,CANCELLED
BK-03209,2025-12-03,2025-12-05,sup-001,2,DIRECT,154.61,4,CONFIRMED
BK-03210,2025-12-03,2025-12-05,sui-001,3,AIRBNB,174.21,0,CONFIRMED
BK-03211,2025-12-04,2025-12-06,sui-001,3,BOOKING,182.51,13,CONFIRMED
BK-03212,2025-12-04,2025-12-06,dob-001,2,AIRBNB,103.08,11,CONFIRMED
BK-03213,2025-12-04,2025-12-05,dob-001,1,AIRBNB,104.33,0,CONFIRMED
BK-03214,2025-12-04,2025-12-06,dob-001,2,BOOKING,107.68,6,CONFIRMED
BK-03215,2025-12-04,2025-12-06,sup-001,2,EXPEDIA,144.53,9,CONFIRMED
BK-03216,2025-12-04,2025-12-06,sup-001,2,DIRECT,146.09,8,CONFIRMED
BK-03217,2025-12-04,2025-12-05,dob-001,2,DIRECT,112.74,1,CONFIRMED
BK-03218,2025-12-04,2025-12-05,sui-001,2,DIRECT,203.75,12,CONFIRMED
BK-03219,2025-12-05,2025-12-07,sup-001,1,BOOKING,180.1,9,CONFIRMED
BK-03220,2025-12-05,2025-12-06,sui-001,3,DIRECT,250.02,11,CONFIRMED
BK-03221,2025-12-05,2025-12-07,dob-001,2,EXPEDIA,135.75,7,NO_SHOW
BK-03222,2025-12-05,2025-12-06,dob-001,1,AIRBNB,121.84,6,CONFIRMED
BK-03223,2025-12-05,2025-12-08,sui-001,3,BOOKING,232.98,3,CONFIRMED
BK-03224,2025-12-05,2025-12-11,sup-001,2,DIRECT,183.45,21,CONFIRMED
BK-03225,2025-12-05,2025-12-07,dob-001,2,BOOKING,129.39,0,CONFIRMED
BK-03226,2025-12-05,2025-12-07,dob-001,2,DIRECT,141.54,25,CONFIRMED
BK-03227,2025-12-05,2025-12-06,sup-001,2,BOOKING,176.36,12,CONFIRMED
BK-03228,2025-12-05,2025-12-06,dob-001,1,DIRECT,146.08,27,CONFIRMED
BK-03229,2025-12-05,2025-12-07,sui-001,3,DIRECT,253.07,16,CONFIRMED
BK-03230,2025-12-05,2025-12-06,sup-001,2,EXPEDIA,171.75,15,CONFIRMED
BK-03231,2025-12-05,2025-12-06,dob-001,2,DIRECT,145.92,22,CONFIRMED
BK-03232,2025-12-06,2025-12-08,sup-001,1,EXPEDIA,268.08,30,CONFIRMED
BK-03233,2025-12-06,2025-12-09,dob-001,2,DIRECT,213.49,50,CONFIRMED
BK-03234,2025-12-06,2025-12-07,dob-001,2,AIRBNB,184.8,2,CONFIRMED
BK-03235,2025-12-06,2025-12-10,dob-001,1,EXPEDIA,194.82,41,CONFIRMED
BK-03236,2025-12-06,2025-12-07,dob-001,1,DIRECT,215.08,24,CONFIRMED
BK-03237,2025-12-06,2025-12-07,sui-001,3,EXPEDIA,334.6,42,CONFIRMED
BK-03238,2025-12-06,2025-12-07,sup-001,1,EXPEDIA,250.15,22,CONFIRMED
BK-03239,2025-12-06,2025-12-08,dob-001,1,BOOKING,207.69,38,CONFIRMED
BK-03240,2025-12-06,2025-12-07,sup-001,2,AIRBNB,234.82,30,CONFIRMED
BK-03241,2025-12-06,2025-12-07,dob-001,2,BOOKING,203.52,41,CONFIRMED
BK-03242,2025-12-06,2025-12-08,sup-001,2,AIRBNB,244.68,43,CONFIRMED
BK-03243,2025-12-06,2025-12-07,dob-001,1,BOOKING,199.57,59,CONFIRMED
BK-03244,2025-12-06,2025-12-07,sup-001,1,AIRBNB,239.67,46,CONFIRMED
BK-03245,2025-12-06,2025-12-07,dob-001,2,DIRECT,209.47,32,CONFIRMED
BK-03246,2025-12-07,2025-12-09,dob-001,2,BOOKING,160.49,63,CONFIRMED
BK-03247,2025-12-07,2025-12-08,dob-001,1,DIRECT,167.53,17,CONFIRMED
BK-03248,2025-12-07,2025-12-08,dob-001,2,BOOKING,161.46,30,CANCELLED
BK-03249,2025-12-07,2025-12-09,dob-001,2,DIRECT,175.08,11,CANCELLED
BK-03250,2025-12-07,2025-12-09,sui-001,1,AIRBNB,282.53,39,CONFIRMED
BK-03251,2025-12-07,2025-12-08,sup-001,2,BOOKING,209.35,33,CANCELLED
BK-03252,2025-12-07,2025-12-10,sui-001,2,DIRECT,295.65,43,CONFIRMED
BK-03253,2025-12-07,2025-12-09,dob-001,1,BOOKING,164.65,41,CONFIRMED
BK-03254,2025-12-07,2025-12-10,dob-001,1,EXPEDIA,153.98,17,CONFIRMED
BK-03255,2025-12-07,2025-12-09,sui-001,2,AIRBNB,267.85,52,CONFIRMED
BK-03256,2025-12-07,2025-12-10,sup-001,2,DIRECT,223.94,35,CONFIRMED
BK-03257,2025-12-07,2025-12-09,sup-001,2,AIRBNB,198.23,35,CONFIRMED
BK-03258,2025-12-07,2025-12-09,dob-001,1,DIRECT,169.03,36,CONFIRMED
BK-03259,2025-12-07,2025-12-09,dob-001,2,DIRECT,181.37,13,CONFIRMED
BK-03260,2025-12-08,2025-12-09,dob-001,2,BOOKING,158.32,26,CONFIRMED
BK-03261,2025-12-08,2025-12-10,dob-001,2,DIRECT,178.54,11,CONFIRMED
BK-03262,2025-12-08,2025-12-09,sui-001,3,DIRECT,296.82,48,CONFIRMED
BK-03263,2025-12-08,2025-12-12,sui-001,2,AIRBNB,256.06,1,CONFIRMED
BK-03264,2025-12-08,2025-12-09,sui-001,3,BOOKING,283.2,11,CONFIRMED
BK-03265,2025-12-08,2025-12-10,sui-001,2,BOOKING,270.0,1,CONFIRMED
BK-03266,2025-12-08,2025-12-10,dob-001,2,AIRBNB,150.84,22,CONFIRMED
BK-03267,2025-12-08,2025-12-11,sup-001,2,DIRECT,221.2,48,CONFIRMED
BK-03268,2025-12-08,2025-12-10,sup-001,2,DIRECT,215.51,42,CONFIRMED
BK-03269,2025-12-08,2025-12-10,dob-001,2,BOOKING,169.8,32,CONFIRMED
BK-03270,2025-12-08,2025-12-10,sup-001,2,DIRECT,227.92,43,CONFIRMED
BK-03271,2025-12-08,2025-12-09,dob-001,2,DIRECT,182.27,27,CONFIRMED
BK-03272,2025-12-08,2025-12-10,dob-001,1,BOOKING,162.85,18,CONFIRMED
BK-03273,2025-12-08,2025-12-11,sui-001,2,EXPEDIA,277.21,32,CONFIRMED
BK-03274,2025-12-09,2025-12-11,sup-001,2,EXPEDIA,141.42,0,CONFIRMED
BK-03275,2025-12-09,2025-12-10,sup-001,2,DIRECT,143.86,9,CONFIRMED
BK-03276,2025-12-09,2025-12-11,dob-001,2,DIRECT,121.23,7,CONFIRMED
BK-03277,2025-12-09,2025-12-10,dob-001,1,BOOKING,108.95,5,CONFIRMED
BK-03278,2025-12-09,2025-12-10,sup-001,1,DIRECT,150.34,4,CONFIRMED
BK-03279,2025-12-09,2025-12-11,dob-001,2,BOOKING,107.99,3,CONFIRMED
BK-03280,2025-12-09,2025-12-10,sui-001,1,AIRBNB,173.88,18,CONFIRMED
BK-03281,2025-12-09,2025-12-12,sup-001,2,DIRECT,153.82,9,CONFIRMED
BK-03282,2025-12-10,2025-12-12,dob-001,2,DIRECT,112.07,7,CONFIRMED
BK-03283,2025-12-10,2025-12-11,dob-001,2,DIRECT,117.38,0,CANCELLED
BK-03284,2025-12-10,2025-12-11,dob-001,2,DIRECT,119.71,15,CONFIRMED
BK-03285,2025-12-10,2025-12-11,dob-001,2,EXPEDIA,103.49,9,CONFIRMED
BK-03286,2025-12-10,2025-12-14,sup-001,2,DIRECT,143.43,11,CONFIRMED
BK-03287,2025-12-10,2025-12-12,sui-001,3,BOOKING,181.43,0,CONFIRMED
BK-03288,2025-12-10,2025-12-11,dob-001,1,DIRECT,115.56,2,CONFIRMED
BK-03289,2025-12-10,2025-12-12,dob-001,1,AIRBNB,103.67,10,CONFIRMED
BK-03290,2025-12-11,2025-12-17,dob-001,1,DIRECT,114.95,13,CONFIRMED
BK-03291,2025-12-11,2025-12-12,dob-001,2,EXPEDIA,111.47,3,CONFIRMED
BK-03292,2025-12-11,2025-12-12,dob-001,2,BOOKING,108.83,18,CONFIRMED
BK-03293,2025-12-11,2025-12-12,sup-001,2,BOOKING,141.54,6,CONFIRMED
BK-03294,2025-12-11,2025-12-13,dob-001,1,DIRECT,120.63,6,CONFIRMED
BK-03295,2025-12-11,2025-12-13,dob-001,2,DIRECT,114.41,0,CONFIRMED
BK-03296,2025-12-11,2025-12-13,sup-001,2,BOOKING,136.51,20,CONFIRMED
BK-03297,2025-12-11,2025-12-13,sup-001,1,AIRBNB,132.11,16,CONFIRMED
BK-03298,2025-12-12,2025-12-14,sui-001,2,DIRECT,257.36,10,CONFIRMED
BK-03299,2025-12-12,2025-12-13,sui-001,1,EXPEDIA,235.51,14,CONFIRMED
BK-03300,2025-12-12,2025-12-15,sui-001,3,EXPEDIA,231.0,7,CONFIRMED
BK-03301,2025-12-12,2025-12-13,dob-001,2,DIRECT,147.78,9,CONFIRMED
BK-03302,2025-12-12,2025-12-13,dob-001,1,EXPEDIA,131.82,16,CONFIRMED
BK-03303,2025-12-12,2025-12-14,dob-001,1,DIRECT,144.38,22,CONFIRMED
BK-03304,2025-12-12,2025-12-13,sui-001,2,BOOKING,229.01,21,CONFIRMED
BK-03305,2025-12-12,2025-12-13,dob-001,2,BOOKING,137.3,18,CONFIRMED
BK-03306,2025-12-12,2025-12-13,dob-001,2,BOOKING,127.52,16,CANCELLED
BK-03307,2025-12-12,2025-12-13,dob-001,1,DIRECT,141.35,13,CONFIRMED
BK-03308,2025-12-12,2025-12-14,sui-001,3,BOOKING,226.87,3,CONFIRMED
BK-03309,2025-12-12,2025-12-13,sup-001,2,DIRECT,187.7,4,CONFIRMED
BK-03310,2025-12-12,2025-12-14,dob-001,2,AIRBNB,128.41,13,CONFIRMED
BK-03311,2025-12-13,2025-12-15,dob-001,2,BOOKING,133.37,10,CONFIRMED
BK-03312,2025-12-13,2025-12-14,dob-001,2,DIRECT,148.07,19,CONFIRMED
BK-03313,2025-12-13,2025-12-14,dob-001,2,DIRECT,141.82,28,CONFIRMED
BK-03314,2025-12-13,2025-12-15,sup-001,2,AIRBNB,170.82,0,CONFIRMED
BK-03315,2025-12-13,2025-12-15,sui-001,3,EXPEDIA,243.96,14,CONFIRMED
BK-03316,2025-12-13,2025-12-14,dob-001,2,DIRECT,148.21,0,CONFIRMED
BK-03317,2025-12-13,2025-12-15,sup-001,1,EXPEDIA,170.37,14,CONFIRMED
BK-03318,2025-12-13,2025-12-15,dob-001,2,DIRECT,138.09,14,CONFIRMED
BK-03319,2025-12-13,2025-12-14,sui-001,1,BOOKING,235.11,3,CONFIRMED
BK-03320,2025-12-13,2025-12-14,dob-001,2,DIRECT,140.21,19,CONFIRMED
BK-03321,2025-12-13,2025-12-16,sui-001,2,DIRECT,261.56,23,CONFIRMED
BK-03322,2025-12-13,2025-12-15,dob-001,2,DIRECT,148.83,3,CONFIRMED
BK-03323,2025-12-13,2025-12-15,sui-001,1,EXPEDIA,232.0,29,CANCELLED
BK-03324,2025-12-14,2025-12-15,sui-001,2,AIRBNB,178.81,5,CONFIRMED
BK-03325,2025-12-14,2025-12-16,dob-001,1,BOOKING,113.24,0,CONFIRMED
BK-03326,2025-12-14,2025-12-15,dob-001,2,BOOKING,103.21,0,CONFIRMED
BK-03327,2025-12-14,2025-12-16,sup-001,2,DIRECT,143.3,0,CONFIRMED
BK-03328,2025-12-14,2025-12-16,dob-001,2,EXPEDIA,111.33,13,CONFIRMED
BK-03329,2025-12-14,2025-12-15,dob-001,1,DIRECT,120.62,14,CONFIRMED
BK-03330,2025-12-14,2025-12-16,sui-001,2,BOOKING,186.88,17,CONFIRMED
BK-03331,2025-12-14,2025-12-18,dob-001,1,BOOKING,108.82,0,CONFIRMED
BK-03332,2025-12-15,2025-12-17,dob-001,2,DIRECT,115.54,10,CONFIRMED
BK-03333,2025-12-15,2025-12-17,sup-001,2,EXPEDIA,145.32,3,CONFIRMED
BK-03334,2025-12-15,2025-12-18,sui-001,1,BOOKING,196.89,2,NO_SHOW
BK-03335,2025-12-15,2025-12-17,dob-001,2,DIRECT,111.9,0,CONFIRMED
BK-03336,2025-12-15,2025-12-16,sup-001,2,DIRECT,143.14,0,CONFIRMED
BK-03337,2025-12-15,2025-12-16,dob-001,2,BOOKING,110.25,0,CONFIRMED
BK-03338,2025-12-15,2025-12-18,dob-001,2,DIRECT,118.26,4,CONFIRMED
BK-03339,2025-12-15,2025-12-16,sup-001,1,DIRECT,149.24,6,CONFIRMED
BK-03340,2025-12-16,2025-12-17,sui-001,3,EXPEDIA,191.54,9,CONFIRMED
BK-03341,2025-12-16,2025-12-18,dob-001,1,DIRECT,118.09,2,CONFIRMED
BK-03342,2025-12-16,2025-12-20,dob-001,1,BOOKING,103.79,6,CONFIRMED
BK-03343,2025-12-16,2025-12-18,sui-001,1,DIRECT,210.05,21,CANCELLED
BK-03344,2025-12-16,2025-12-17,sup-001,2,BOOKING,135.37,10,CONFIRMED
BK-03345,2025-12-16,2025-12-17,sup-001,2,DIRECT,149.49,15,CONFIRMED
BK-03346,2025-12-16,2025-12-18,dob-001,1,EXPEDIA,110.55,5,CONFIRMED
BK-03347,2025-12-16,2025-12-18,dob-001,1,DIRECT,114.69,4,CONFIRMED
BK-03348,2025-12-17,2025-12-18,sui-001,2,DIRECT,205.92,0,CONFIRMED
BK-03349,2025-12-17,2025-12-18,dob-001,1,DIRECT,118.46,7,CONFIRMED
BK-03350,2025-12-17,2025-12-19,sup-001,2,DIRECT,144.55,12,CONFIRMED
BK-03351,2025-12-17,2025-12-19,sui-001,1,DIRECT,202.6,1,CONFIRMED
BK-03352,2025-12-17,2025-12-19,sup-001,2,DIRECT,143.22,5,CONFIRMED
BK-03353,2025-12-17,2025-12-18,sup-001,2,DIRECT,151.57,7,CONFIRMED
BK-03354,2025-12-17,2025-12-18,sup-001,2,DIRECT,144.05,0,CONFIRMED
BK-03355,2025-12-17,2025-12-20,dob-001,1,BOOKING,107.64,7,CONFIRMED
BK-03356,2025-12-18,2025-12-21,dob-001,2,BOOKING,112.17,19,CONFIRMED
BK-03357,2025-12-18,2025-12-20,sui-001,2,EXPEDIA,194.54,16,CONFIRMED
BK-03358,2025-12-18,2025-12-21,dob-001,1,AIRBNB,102.61,0,CONFIRMED
BK-03359,2025-12-18,2025-12-19,dob-001,2,EXPEDIA,103.26,10,CANCELLED
BK-03360,2025-12-18,2025-12-19,dob-001,2,DIRECT,114.06,18,CONFIRMED
BK-03361,2025-12-18,2025-12-20,dob-001,2,BOOKING,111.77,1,CANCELLED
BK-03362,2025-12-18,2025-12-19,sup-001,2,BOOKING,143.46,15,CONFIRMED
BK-03363,2025-12-18,2025-12-22,sui-001,2,EXPEDIA,187.76,0,CONFIRMED
BK-03364,2025-12-19,2025-12-20,sup-001,1,BOOKING,175.7,25,CONFIRMED
BK-03365,2025-12-19,2025-12-22,dob-001,2,DIRECT,138.84,6,CONFIRMED
BK-03366,2025-12-19,2025-12-20,sui-001,3,DIRECT,248.07,7,CONFIRMED
BK-03367,2025-12-19,2025-12-21,sup-001,1,AIRBNB,159.09,0,CONFIRMED
BK-03368,2025-12-19,2025-12-20,sup-001,2,DIRECT,180.85,5,CONFIRMED
BK-03369,2025-12-19,2025-12-20,dob-001,2,BOOKING,136.32,21,CONFIRMED
BK-03370,2025-12-19,2025-12-20,dob-001,2,EXPEDIA,126.81,9,CONFIRMED
BK-03371,2025-12-19,2025-12-20,dob-001,2,BOOKING,134.36,26,CONFIRMED
BK-03372,2025-12-19,2025-12-22,sui-001,2,DIRECT,256.85,0,CONFIRMED
BK-03373,2025-12-19,2025-12-22,dob-001,1,BOOKING,129.76,9,CONFIRMED
BK-03374,2025-12-19,2025-12-22,dob-001,2,BOOKING,137.75,14,CONFIRMED
BK-03375,2025-12-19,2025-12-20,sup-001,2,DIRECT,178.91,25,CONFIRMED
BK-03376,2025-12-19,2025-12-20,sup-001,2,DIRECT,186.33,13,CONFIRMED
BK-03377,2025-12-20,2025-12-23,dob-001,2,AIRBNB,130.33,14,CONFIRMED
BK-03378,2025-12-20,2025-12-22,sup-001,1,EXPEDIA,164.12,14,CONFIRMED
BK-03379,2025-12-20,2025-12-22,dob-001,1,EXPEDIA,129.18,5,CONFIRMED
BK-03380,2025-12-20,2025-12-23,dob-001,2,BOOKING,138.1,10,CONFIRMED
BK-03381,2025-12-20,2025-12-21,sup-001,2,DIRECT,189.56,22,CONFIRMED
BK-03382,2025-12-20,2025-12-21,sui-001,3,DIRECT,239.85,8,CONFIRMED
BK-03383,2025-12-20,2025-12-23,dob-001,1,BOOKING,138.92,14,CONFIRMED
BK-03384,2025-12-20,2025-12-22,sui-001,2,DIRECT,244.7,14,NO_SHOW
BK-03385,2025-12-20,2025-12-21,sup-001,2,DIRECT,187.87,20,CONFIRMED
BK-03386,2025-12-20,2025-12-24,dob-001,2,EXPEDIA,127.58,27,CONFIRMED
BK-03387,2025-12-20,2025-12-21,sup-001,2,BOOKING,165.63,16,CONFIRMED
BK-03388,2025-12-20,2025-12-22,sup-001,2,DIRECT,181.96,8,CONFIRMED
BK-03389,2025-12-20,2025-12-22,dob-001,2,DIRECT,137.57,4,CONFIRMED
BK-03390,2025-12-21,2025-12-27,sui-001,2,DIRECT,198.24,16,CONFIRMED
BK-03391,2025-12-21,2025-12-22,sup-001,2,AIRBNB,129.74,0,CANCELLED
BK-03392,2025-12-21,2025-12-23,dob-001,2,AIRBNB,101.8,1,CONFIRMED
BK-03393,2025-12-21,2025-12-27,dob-001,1,EXPEDIA,107.85,6,CONFIRMED
BK-03394,2025-12-21,2025-12-24,dob-001,2,BOOKING,103.95,0,CONFIRMED
BK-03395,2025-12-21,2025-12-24,dob-001,2,DIRECT,114.98,0,CONFIRMED
BK-03396,2025-12-21,2025-12-23,dob-001,2,AIRBNB,106.95,5,CONFIRMED
BK-03397,2025-12-21,2025-12-22,dob-001,2,BOOKING,110.15,6,CONFIRMED
BK-03398,2025-12-22,2025-12-24,dob-001,1,DIRECT,112.78,6,CONFIRMED
BK-03399,2025-12-22,2025-12-24,sup-001,2,EXPEDIA,140.67,12,CANCELLED
BK-03400,2025-12-22,2025-12-24,sup-001,2,DIRECT,150.36,7,CONFIRMED
BK-03401,2025-12-22,2025-12-23,dob-001,2,BOOKING,108.62,2,CONFIRMED
BK-03402,2025-12-22,2025-12-24,sui-001,3,DIRECT,213.13,5,CANCELLED
BK-03403,2025-12-22,2025-12-24,dob-001,2,DIRECT,117.48,0,CONFIRMED
BK-03404,2025-12-22,2025-12-23,sui-001,3,AIRBNB,176.87,7,CONFIRMED
BK-03405,2025-12-22,2025-12-24,dob-001,1,DIRECT,120.99,5,CANCELLED
BK-03406,2025-12-23,2025-12-24,dob-001,1,EXPEDIA,134.69,44,CONFIRMED
BK-03407,2025-12-23,2025-12-27,dob-001,2,BOOKING,128.47,38,CONFIRMED
BK-03408,2025-12-23,2025-12-24,dob-001,1,DIRECT,137.57,46,CONFIRMED
BK-03409,2025-12-23,2025-12-24,sup-001,2,BOOKING,178.5,40,CONFIRMED
BK-03410,2025-12-23,2025-12-25,dob-001,2,DIRECT,147.56,70,CONFIRMED
BK-03411,2025-12-23,2025-12-24,dob-001,2,DIRECT,149.01,47,CONFIRMED
BK-03412,2025-12-23,2025-12-24,sup-001,1,DIRECT,182.02,42,CONFIRMED
BK-03413,2025-12-23,2025-12-24,sup-001,2,EXPEDIA,172.8,10,CONFIRMED
BK-03414,2025-12-23,2025-12-25,sui-001,3,DIRECT,257.13,51,CONFIRMED
BK-03415,2025-12-23,2025-12-24,sup-001,2,AIRBNB,161.91,15,CONFIRMED
BK-03416,2025-12-23,2025-12-24,dob-001,2,AIRBNB,122.94,63,CONFIRMED
BK-03417,2025-12-23,2025-12-24,sui-001,1,DIRECT,250.39,22,CONFIRMED
BK-03418,2025-12-23,2025-12-24,sui-001,2,AIRBNB,214.35,55,CONFIRMED
BK-03419,2025-12-23,2025-12-24,dob-001,1,EXPEDIA,131.06,29,CANCELLED
BK-03420,2025-12-24,2025-12-25,dob-001,2,BOOKING,131.87,65,CONFIRMED
BK-03421,2025-12-24,2025-12-25,dob-001,2,AIRBNB,127.94,43,CONFIRMED
BK-03422,2025-12-24,2025-12-25,sup-001,2,EXPEDIA,175.73,44,CONFIRMED
BK-03423,2025-12-24,2025-12-27,dob-001,1,DIRECT,142.97,20,CANCELLED
BK-03424,2025-12-24,2025-12-25,dob-001,2,EXPEDIA,128.64,56,CONFIRMED
BK-03425,2025-12-24,2025-12-25,sui-001,2,DIRECT,253.26,44,CONFIRMED
BK-03426,2025-12-24,2025-12-27,dob-001,2,EXPEDIA,137.22,42,CONFIRMED
BK-03427,2025-12-24,2025-12-27,dob-001,1,BOOKING,140.25,33,CANCELLED
BK-03428,2025-12-24,2025-12-28,sup-001,2,DIRECT,186.25,71,CONFIRMED
BK-03429,2025-12-24,2025-12-30,dob-001,1,DIRECT,152.49,44,CONFIRMED
BK-03430,2025-12-24,2025-12-25,dob-001,1,BOOKING,139.75,43,CONFIRMED
BK-03431,2025-12-24,2025-12-26,dob-001,2,DIRECT,145.21,46,CONFIRMED
BK-03432,2025-12-24,2025-12-26,sui-001,3,DIRECT,244.17,59,CONFIRMED
BK-03433,2025-12-24,2025-12-26,dob-001,1,BOOKING,134.04,34,CONFIRMED
BK-03434,2025-12-25,2025-12-27,dob-001,1,EXPEDIA,139.45,52,CONFIRMED
BK-03435,2025-12-25,2025-12-26,dob-001,1,BOOKING,134.3,40,CONFIRMED
BK-03436,2025-12-25,2025-12-26,sui-001,3,EXPEDIA,247.78,26,CONFIRMED
BK-03437,2025-12-25,2025-12-27,sup-001,1,DIRECT,188.59,61,CONFIRMED
BK-03438,2025-12-25,2025-12-26,sup-001,1,BOOKING,170.7,36,CONFIRMED
BK-03439,2025-12-25,2025-12-28,dob-001,1,BOOKING,132.22,0,CONFIRMED
BK-03440,2025-12-25,2025-12-26,dob-001,2,BOOKING,140.75,90,CONFIRMED
BK-03441,2025-12-25,2025-12-27,sup-001,1,DIRECT,184.02,60,CONFIRMED
BK-03442,2025-12-25,2025-12-27,sui-001,1,BOOKING,229.43,47,CONFIRMED
BK-03443,2025-12-25,2025-12-26,sup-001,1,EXPEDIA,174.24,47,CONFIRMED
BK-03444,2025-12-25,2025-12-27,dob-001,1,AIRBNB,128.07,72,CONFIRMED
BK-03445,2025-12-25,2025-12-27,sup-001,2,DIRECT,186.11,39,CANCELLED
BK-03446,2025-12-25,2025-12-29,sup-001,1,AIRBNB,173.81,25,CONFIRMED
BK-03447,2025-12-25,2025-12-27,dob-001,1,AIRBNB,132.25,71,CONFIRMED
BK-03448,2025-12-26,2025-12-27,dob-001,2,EXPEDIA,178.31,33,CONFIRMED
BK-03449,2025-12-26,2025-12-27,dob-001,1,EXPEDIA,171.12,11,CONFIRMED
BK-03450,2025-12-26,2025-12-28,dob-001,2,DIRECT,177.05,51,CONFIRMED
BK-03451,2025-12-26,2025-12-27,dob-001,2,AIRBNB,169.78,35,CONFIRMED
BK-03452,2025-12-26,2025-12-29,dob-001,1,DIRECT,179.52,32,CONFIRMED
BK-03453,2025-12-26,2025-12-28,sui-001,2,DIRECT,312.78,19,CONFIRMED
BK-03454,2025-12-26,2025-12-28,sup-001,2,DIRECT,247.53,61,CANCELLED
BK-03455,2025-12-26,2025-12-27,sui-001,1,DIRECT,310.8,41,CONFIRMED
BK-03456,2025-12-26,2025-12-27,dob-001,1,BOOKING,167.76,37,CONFIRMED
BK-03457,2025-12-26,2025-12-27,sup-001,1,DIRECT,228.76,46,CONFIRMED
BK-03458,2025-12-26,2025-12-28,dob-001,1,BOOKING,169.48,35,CONFIRMED
BK-03459,2025-12-26,2025-12-28,sup-001,2,EXPEDIA,211.44,44,CONFIRMED
BK-03460,2025-12-26,2025-12-27,sui-001,2,EXPEDIA,293.51,62,CONFIRMED
BK-03461,2025-12-26,2025-12-28,dob-001,2,AIRBNB,165.06,41,CONFIRMED
BK-03462,2025-12-27,2025-12-29,dob-001,1,BOOKING,171.3,50,CONFIRMED
BK-03463,2025-12-27,2025-12-29,sup-001,2,DIRECT,234.0,37,CONFIRMED
BK-03464,2025-12-27,2025-12-28,sup-001,2,EXPEDIA,216.82,29,CONFIRMED
BK-03465,2025-12-27,2025-12-29,dob-001,1,DIRECT,184.49,45,CONFIRMED
BK-03466,2025-12-27,2025-12-28,dob-001,1,DIRECT,189.99,35,CONFIRMED
BK-03467,2025-12-27,2025-12-28,sup-001,1,DIRECT,253.87,55,CONFIRMED
BK-03468,2025-12-27,2025-12-29,sup-001,2,EXPEDIA,234.15,75,CONFIRMED
BK-03469,2025-12-27,2025-12-29,dob-001,1,EXPEDIA,173.2,30,CANCELLED
BK-03470,2025-12-27,2025-12-29,dob-001,1,BOOKING,174.98,46,CONFIRMED
BK-03471,2025-12-27,2025-12-28,dob-001,1,DIRECT,197.15,54,CONFIRMED
BK-03472,2025-12-27,2025-12-28,dob-001,1,DIRECT,194.9,0,CONFIRMED
BK-03473,2025-12-27,2025-12-30,sup-001,1,DIRECT,235.01,36,CONFIRMED
BK-03474,2025-12-27,2025-12-29,sup-001,2,BOOKING,220.98,43,CONFIRMED
BK-03475,2025-12-27,2025-12-29,dob-001,1,DIRECT,188.44,56,CONFIRMED
BK-03476,2025-12-28,2025-12-29,dob-001,2,BOOKING,148.55,20,CONFIRMED
BK-03477,2025-12-28,2025-12-29,dob-001,2,DIRECT,154.9,36,CONFIRMED
BK-03478,2025-12-28,2026-01-01,sui-001,2,BOOKING,250.03,51,CONFIRMED
BK-03479,2025-12-28,2025-12-29,dob-001,2,BOOKING,140.01,30,CONFIRMED
BK-03480,2025-12-28,2025-12-30,dob-001,2,AIRBNB,135.97,106,CONFIRMED
BK-03481,2025-12-28,2025-12-29,dob-001,1,BOOKING,141.91,48,CONFIRMED
BK-03482,2025-12-28,2025-12-29,sup-001,2,BOOKING,181.0,58,CONFIRMED
BK-03483,2025-12-28,2025-12-29,sup-001,1,DIRECT,196.15,77,CONFIRMED
BK-03484,2025-12-28,2025-12-29,sui-001,2,DIRECT,274.83,43,CONFIRMED
BK-03485,2025-12-28,2025-12-30,sup-001,2,AIRBNB,172.97,12,CONFIRMED
BK-03486,2025-12-28,2025-12-30,dob-001,2,BOOKING,143.43,34,CONFIRMED
BK-03487,2025-12-28,2025-12-31,dob-001,2,EXPEDIA,147.85,78,CONFIRMED
BK-03488,2025-12-28,2025-12-29,sui-001,2,BOOKING,249.18,34,CONFIRMED
BK-03489,2025-12-28,2025-12-29,dob-001,1,AIRBNB,131.86,34,CONFIRMED
BK-03490,2025-12-29,2025-12-30,dob-001,2,DIRECT,151.59,20,CONFIRMED
BK-03491,2025-12-29,2025-12-30,dob-001,2,BOOKING,144.99,80,CONFIRMED
BK-03492,2025-12-29,2025-12-31,dob-001,2,EXPEDIA,152.34,57,CONFIRMED
BK-03493,2025-12-29,2025-12-30,dob-001,2,BOOKING,141.63,66,CONFIRMED
BK-03494,2025-12-29,2025-12-30,dob-001,2,AIRBNB,138.04,79,NO_SHOW
BK-03495,2025-12-29,2025-12-31,sup-001,1,BOOKING,190.29,65,CANCELLED
BK-03496,2025-12-29,2025-12-31,sup-001,2,AIRBNB,176.27,40,CONFIRMED
BK-03497,2025-12-29,2025-12-30,sui-001,2,DIRECT,287.51,32,NO_SHOW
BK-03498,2025-12-29,2025-12-31,sup-001,2,DIRECT,199.87,58,CONFIRMED
BK-03499,2025-12-29,2025-12-31,sui-001,3,DIRECT,282.78,63,CONFIRMED
BK-03500,2025-12-29,2025-12-30,sui-001,3,BOOKING,248.04,19,CONFIRMED
BK-03501,2025-12-29,2026-01-01,dob-001,2,BOOKING,142.59,56,CONFIRMED
BK-03502,2025-12-29,2026-01-01,dob-001,2,EXPEDIA,152.41,73,CONFIRMED
BK-03503,2025-12-29,2025-12-31,dob-001,1,BOOKING,148.94,54,CONFIRMED
BK-03504,2025-12-30,2026-01-01,dob-001,1,DIRECT,162.26,30,CONFIRMED
BK-03505,2025-12-30,2025-12-31,dob-001,2,EXPEDIA,151.29,47,CONFIRMED
BK-03506,2025-12-30,2025-12-31,sup-001,1,BOOKING,195.76,71,CONFIRMED
BK-03507,2025-12-30,2026-01-01,dob-001,1,EXPEDIA,157.22,74,CONFIRMED
BK-03508,2025-12-30,2025-12-31,sui-001,2,BOOKING,273.92,58,CONFIRMED
BK-03509,2025-12-30,2025-12-31,sup-001,2,DIRECT,204.19,30,CONFIRMED
BK-03510,2025-12-30,2026-01-01,sui-001,2,BOOKING,259.6,38,CONFIRMED
BK-03511,2025-12-30,2026-01-01,sup-001,2,DIRECT,205.85,21,CONFIRMED
BK-03512,2025-12-30,2025-12-31,sui-001,3,BOOKING,272.53,62,CONFIRMED
BK-03513,2025-12-30,2026-01-01,sup-001,2,BOOKING,200.85,72,CONFIRMED
BK-03514,2025-12-31,2026-01-01,sui-001,1,BOOKING,274.65,42,CONFIRMED
BK-03515,2025-12-31,2026-01-01,dob-001,2,DIRECT,165.81,28,CONFIRMED
BK-03516,2025-12-31,2026-01-01,sui-001,3,BOOKING,255.4,21,CONFIRMED
BK-03517,2025-12-31,2026-01-01,sup-001,1,AIRBNB,176.59,28,CONFIRMED
BK-03518,2025-12-31,2026-01-01,dob-001,2,DIRECT,158.29,84,CONFIRMED
BK-03519,2025-12-31,2026-01-01,dob-001,2,EXPEDIA,147.77,27,CONFIRMED
